gid,sac,sa,type,geom
1,613023,BRCKAKXA,HCPM-GNIS,0101000000FD5BB862353A62C03140A20994905040
2,613028,CHHSAKXA,HCPM-GNIS,010100000082A3891CC74162C0A8B7504365435040
3,613001,PNHPAKXA,HCPM-GNIS,0101000000A59421D882D764C07261EEA44F165140
4,613023,RMPRAKXA,HCPM-GNIS,01010000003D0AD7A370C562C0B81E85EB51605040
5,613025,TANNAKXA,HCPM-GNIS,01010000008FB00342860263C0BEAE1523014B5040
6,613017,TLINAKXB,HCPM-GNIS,010100000054A1269FC3D061C08DA4935B49914F40
7,613017,EDBYAKXA,HCPM-GNIS,0101000000ED759CEC30B560C0CA84043175F94B40
8,613016,UNLKAKXA,HCPM-GNIS,010100000000000000000864C087EA9C5555F54F40
9,613017,HYLKAKXA,HCPM-GNIS,0101000000B2852007651662C04DCD2F945DFE4F40
10,250304,SILSALXA,HCPM-GNIS,01010000007670B037311556C02DC4341D4BC73F40
11,250304,CHTMALXA,HCPM-GNIS,0101000000F8718F00491056C0E9BBB61215773F40
12,250295,CTWDALXA,HCPM-GNIS,0101000000FE1E0604845355C090C3BBB77D0C3F40
13,401718,MRRWARXA,HCPM-GNIS,0101000000D122DBF9FE9B57C0BDEFCE90E0ED4140
14,452179,BLWRAZXA,HCPM-GNIS,010100000010B1C1C249E55BC00DCE9662FD834040
15,452179,CSBLAZXA,HCPM-GNIS,01010000000E21F829D8F85BC0E39BB7FB668F4040
16,452171,HYDRAZXC,HCPM-GNIS,01010000007C7665BC52565CC0580394861A824040
17,452179,MRVGAZXC,HCPM-GNIS,0101000000CD3340B3350F5CC07193AC1E8BAF4040
18,452179,SCTNAZXC,HCPM-GNIS,01010000002ADD02AE50EF5BC09AEED00BD2894040
19,452179,KMTKAZXA,HCPM-GNIS,01010000000700D8CA150B5CC0F7DDBE5829A54040
20,452179,STTNAZXA,HCPM-GNIS,01010000008687D5C427F35BC0DB9ABEE83C944040
21,542332,ONLSCAXF,HCPM-GNIS,0101000000F7EAE3A16FEC5DC0469737876B904240
22,542346,PNCLCAXF,HCPM-GNIS,0101000000E09CB6EB4A495EC0672AC423F1434240
23,542332,ABRYCAXF,HCPM-GNIS,0101000000F7A68EFA10DF5DC03F4C0C13578A4240
24,542346,IDRACAXF,HCPM-GNIS,010100000003BD265A282B5EC0FA168C005D354240
25,542338,RYMNCAXF,HCPM-GNIS,0101000000256310B3F2F95DC02C1DBD2BCC9B4240
26,542332,SVLKCAXF,HCPM-GNIS,01010000006AD729FB53D45DC02387889B538D4240
27,542332,BGCKCAXF,HCPM-GNIS,01010000001C70A7BEBDCF5DC0C4BA4CA83B9A4240
28,462209,BGDLCOXC,HCPM-GNIS,0101000000D5AD43DAEB145AC0C8CD70033E514440
29,462209,HOYTCOXC,HCPM-GNIS,0101000000D3D457FCCB045AC0A8644A35FD014440
30,462199,ECKLCOXC,HCPM-GNIS,0101000000DC909092689F59C049E13087930E4440
31,462193,GTWYCOXC,HCPM-GNIS,0101000000E322522E683E5BC072C3EFA65B574340
32,462193,PRDXCOXC,HCPM-GNIS,0101000000064257C7963D5BC0C3F01131252F4340
33,462199,ANTNCOXC,HCPM-GNIS,01010000009C7CC4F9E5CD59C03309CD64EEDE4340
34,462186,ARRBCOXC,HCPM-GNIS,01010000007EACE0B7A1D159C09D723BEA9EA44340
35,462186,KTCRCOXC,HCPM-GNIS,01010000004B43E8FB84B259C02808C3256C614340
36,462186,HSWLCOXC,HCPM-GNIS,01010000005C7171546ECA59C068757286E2394340
37,462186,KARVCOXC,HCPM-GNIS,010100000093E34EE960E259C0A61595C3DD5D4340
38,462209,GRVRCOXC,HCPM-GNIS,01010000003BAA9A206A0E5AC0720FAE25896F4440
39,462186,GENOCOXC,HCPM-GNIS,01010000005DCB1AAB03E059C0F6E51604A0A34340
40,462199,IDALCOXC,HCPM-GNIS,0101000000435953B4CD9259C00BE24DC818DA4340
41,462186,FLGLCOXC,HCPM-GNIS,0101000000202AE8514CC459C05E5B898A82A54340
42,462186,EADSCOXC,HCPM-GNIS,01010000002A5DB00A0AB259C0BD1B0B0A833D4340
43,220377,KITEGAXA,HCPM-GNIS,01010000004AD5D1CCEEA054C0B4249B06A0584040
44,220377,LXSYGAXA,HCPM-GNIS,0101000000672211BF079354C0BDCD76E0F73B4040
45,220377,MIVLGAXA,HCPM-GNIS,010100000038876BB5078F54C063F7787CD6684040
46,220377,OKPKGAXA,HCPM-GNIS,0101000000D7F445E7219454C0DEAA9097DA2D4040
47,220378,DOVRGAXA,HCPM-GNIS,01010000007F942243586854C03E7AC37DE45C4040
48,220377,BARTGAXA,HCPM-GNIS,0101000000DC5328C1519E54C097E8876C7B704040
49,220377,DVBOGAXA,HCPM-GNIS,0101000000605B3FFDE7A654C07172BF43517D4040
50,220378,HLTNGAXA,HCPM-GNIS,0101000000B45549641F6A54C02A1BD65416714040
51,351298,AMANIAXO,HCPM-GNIS,010100000006820019BAF756C0AE88F5A166E64440
52,351328,BDGRIAXO,HCPM-GNIS,01010000004F3BFC35598957C040571124A54E4540
53,351108,BRCYIAXO,HCPM-GNIS,0101000000B16774ACF71D57C0F7EBA93011C14440
54,351328,BRNMIAXO,HCPM-GNIS,0101000000FE3D1D34609757C029E1534A19414540
55,351187,BXTRIAXP,HCPM-GNIS,010100000098F8A3A8B34957C0B71D64A3BDE94440
56,351328,CLARIAXO,HCPM-GNIS,0101000000219F46101D9657C038712832294B4540
57,351297,GRMTIAXO,HCPM-GNIS,0101000000DB06A4B3823457C022403C01030D4540
58,351297,HVHLIAXO,HCPM-GNIS,0101000000DEBFC3FE7C3D57C0A04A7265F5F84440
59,351328,KNRMIAXO,HCPM-GNIS,010100000022FFCC203E9D57C0EFE192E34E3A4540
60,351337,RAKEIAXO,HCPM-GNIS,0101000000492D944CCE7A57C0926D2A9CEEBD4540
61,351297,STRKIAXO,HCPM-GNIS,0101000000565F025C354457C07DD00E1368344540
62,351337,THSNIAXO,HCPM-GNIS,0101000000CFE858EF817157C05586713788AF4540
63,351327,WEBBIAXO,HCPM-GNIS,0101000000E32DFC85C3C057C03A03232F6B794540
64,351105,GLGVIAXO,HCPM-GNIS,010100000055FB743C66C257C09850C1E105824540
65,472215,INVYIDXC,HCPM-GNIS,010100000011757A39C71B5DC0E966DA594F474640
66,472222,ASTNIDXC,HCPM-GNIS,0101000000464BD4C1B0DC5BC02CC36E8E29094640
67,482235,PRSTIDXC,HCPM-GNIS,01010000008914B996FFAD5CC0618500851F4A4740
68,472233,ATLNIDXC,HCPM-GNIS,0101000000987620A11CC85CC07048FEBB99E64540
69,472233,TPNKIDXC,HCPM-GNIS,010100000055D6DB0B71F65CC0AD5BF399A29E4540
70,472215,CNCLIDXC,HCPM-GNIS,010100000000AAB8710B1C5DC0C2E0F5F46C5D4640
71,472215,CPRMIDXC,HCPM-GNIS,0101000000FD0AE3B81D2C5DC0974DCAEE138B4640
72,472233,PRARIDXC,HCPM-GNIS,0101000000FF00101CBCE45CC02BF9D85DA0C04540
73,532390,SOMTIDXC,HCPM-GNIS,01010000006A9F330E1A3B5DC04E23D2DB44604540
74,472222,ISPKIDXC,HCPM-GNIS,0101000000DF13909B86D55BC0E6B4029E0F404640
75,472233,BRVEIDXC,HCPM-GNIS,0101000000B11FBD3CF8D35CC0FFDCE1C0F5BD4540
76,340984,ASLDILXC,HCPM-GNIS,0101000000539CFE47818056C04143A44BA4F14340
77,341047,COLSILXC,HCPM-GNIS,0101000000216F5E41BFCA56C0F7894D7512494440
78,341025,RNHWILXE,HCPM-GNIS,010100000039414063CB2A56C096766A2E37B14240
79,341025,EQLTILXE,HCPM-GNIS,0101000000CE8E54DFF91556C0B4AD669DF1DD4240
80,341047,GDHPILXD,HCPM-GNIS,01010000004020860C1AAB56C03710DC9266474440
81,341047,LTTNILXD,HCPM-GNIS,01010000008D093197D4A756C055771B8AF11D4440
82,341047,RARTILXD,HCPM-GNIS,010100000012239573F3B456C0D9147E5F12594440
83,341025,SMSNILXE,HCPM-GNIS,0101000000DCC3B9E1523056C037A5619DCFBB4240
84,341047,SMTHILXD,HCPM-GNIS,010100000006DF8F36E9B156C0A99B30067B654440
85,341047,SWCKILXD,HCPM-GNIS,01010000009B875D25E9A956C02619390B7B554440
86,341025,LMTNILXE,HCPM-GNIS,0101000000EDF9F59EA51356C0EF4394E5DAD14240
87,341025,EDVLILXE,HCPM-GNIS,0101000000200C3CF79E2556C0E219D93ADDBF4240
88,341025,HCKSILXE,HCPM-GNIS,0101000000CA1F67F5E91B56C0057F092648CA4240
89,341025,CVRKILXE,HCPM-GNIS,01010000007C687AE4EA0A56C0DF1B430070BF4240
90,320775,MRVLINXA,HCPM-GNIS,01010000003F7A1E37576755C06E28C64329FD4340
91,320825,NPLNINXA,HCPM-GNIS,01010000005B272EC72B5555C044087E0A369A4340
92,411818,CHRKKSXA,HCPM-GNIS,0101000000D1D67734C4B357C09B8CCF0946AC4240
93,411818,MCCNKSXA,HCPM-GNIS,010100000092E11D8510C157C0F4E6CB6669AD4240
94,411833,LNTNKSXA,HCPM-GNIS,0101000000DD335C2E2C0558C0BFD0C88C5CB04240
95,411833,ELFLKSXA,HCPM-GNIS,0101000000AF39AC15120C58C0EDFE678302AF4240
96,411833,GRLAKSXA,HCPM-GNIS,01010000001B90CE0AD61C58C09C3EF152A0AC4240
97,411788,GDSPKSXA,HCPM-GNIS,01010000006555849B8C4958C020B3B3E89D8E4240
98,411788,SOHNKSXA,HCPM-GNIS,01010000003733FAD1F05958C0162E50F7A6864240
99,411788,BLCYKSXA,HCPM-GNIS,01010000004708EAEF007858C0B84082E2C7894240
100,411780,RVDLKSXA,HCPM-GNIS,010100000068B114C9D75758C081221631ECB14240
101,411788,MYFDKSXA,HCPM-GNIS,010100000000D4C386DD6258C07421FBC511A14240
102,411780,ARGNKSXA,HCPM-GNIS,010100000012E1BABDFF7058C061C1FD8007A24240
103,411780,NRWCKSXA,HCPM-GNIS,0101000000226A4716557658C00EF450DB86BA4240
104,411788,FRPTKSXA,HCPM-GNIS,010100000020894D1AD97658C01CB62DCA6C994240
105,411780,SWYRKSXA,HCPM-GNIS,0101000000A90C2DFCAAAB58C08DDAB39DA5BF4240
106,411780,ISBLKSXA,HCPM-GNIS,01010000009BFF571D39A358C00B7E1B62BCBB4240
107,411831,SNCYKSXA,HCPM-GNIS,01010000005B559BA49EBA58C09956540E77B04240
108,411831,LKCYKSXA,HCPM-GNIS,01010000004ED76E168AB458C077AD73C23AAD4240
109,411788,HRDTKSXA,HCPM-GNIS,0101000000BB1578DD91A958C04C2E6B07C8814240
110,411831,HZTNKSXA,HCPM-GNIS,010100000036FF54817F9958C087DD770C8F8B4240
111,411780,WLMRKSXA,HCPM-GNIS,01010000002B23E47272CD58C055940156FDAA4240
112,411841,ASLDKSXA,HCPM-GNIS,0101000000C485F2F400F158C0E165E14625984240
113,411841,ENWDKSXA,HCPM-GNIS,0101000000BA281F27F1FE58C08933750DE9844240
114,411826,JNGSKSXA,HCPM-GNIS,0101000000D5117640C81259C01028F62BF8D64340
115,411826,SLDNKSXA,HCPM-GNIS,010100000052F17F47542459C07DFA19283AC54340
116,411826,LENRKSXA,HCPM-GNIS,01010000002085460B2B0059C0751F80D426CE4340
117,411826,RXFRKSXA,HCPM-GNIS,010100000096EB6D33952F59C0343D72B55FBC4340
118,411827,KNRDKSXA,HCPM-GNIS,01010000006E241AEE6D8259C0D1652085A1AA4340
119,411827,MENLKSXA,HCPM-GNIS,010100000027439FD93F2E59C0FF284586B0AD4340
120,411826,MRLDKSXA,HCPM-GNIS,0101000000D9525106D80459C0C48FD6BDBAAC4340
121,411827,GRNLKSXA,HCPM-GNIS,01010000000ECAEA0C422859C0F888981249904340
122,411826,GAFDKSXA,HCPM-GNIS,0101000000DDC6B0D4C41D59C0D19BE50D8B8E4340
123,411826,QNTRKSXA,HCPM-GNIS,0101000000C4E3ECE7DE0E59C0A9D491C8E3884340
124,411826,CLYRKSXA,HCPM-GNIS,0101000000185FB4C78B0759C07678BE558D844340
125,411827,RSSPKSXA,HCPM-GNIS,0101000000F0CF566F9E4B59C0B9FFC874E8744340
126,411826,GOVEKSXA,HCPM-GNIS,0101000000CF3D35A8471F59C0D641B9C8987A4340
127,411777,UTICKSXA,HCPM-GNIS,01010000000BAA57DBDE0A59C016E5886B6B524340
128,411827,HELYKSXA,HCPM-GNIS,0101000000FBD236597E2759C0A90A5751CD4C4340
129,411777,BELRKSXA,HCPM-GNIS,0101000000931D1B81780C59C0BB6D9516E4384340
130,411841,INGLKSXA,HCPM-GNIS,010100000006E0FA0B181D59C094128255F5E94240
131,411841,CMRNKSXA,HCPM-GNIS,0101000000463DE9E9481659C0D988168F41E74240
132,411841,ENSGKSXA,HCPM-GNIS,01010000008276E2CDF50E59C0582BC9F08ED34240
133,411841,CPLDKSXA,HCPM-GNIS,0101000000F163CC5D4B2859C0297B4B395FC54240
134,411826,LGISKSXA,HCPM-GNIS,0101000000DF09ACD24CE258C07948E7B287F94340
135,411826,BROKKSXA,HCPM-GNIS,010100000068E32DFC859358C083E38D27DDEE4340
136,411826,WBBRKSXA,HCPM-GNIS,0101000000E659492B3E8258C0DC2A8881AEF74340
137,411826,PRVWKSXA,HCPM-GNIS,0101000000DBBC1699A5E458C00413C9A18FEA4340
138,411826,AGRAKSXA,HCPM-GNIS,0101000000DDF934DDA1C758C0420CCFA67EE14340
139,411826,KETNKSXA,HCPM-GNIS,01010000003728AB3308C258C0B4FC659C2BE24340
140,411826,ATHOKSXA,HCPM-GNIS,01010000005BB8077CD9BA58C0584744E7EBE14340
141,411826,LBNNKSXA,HCPM-GNIS,01010000006FE0C4468FA358C08879A05FA5E74340
142,411826,ESBNKSXA,HCPM-GNIS,01010000000245D1A8E59B58C04B92E7FA3EE94340
143,411826,EDMDKSXA,HCPM-GNIS,010100000028E494CAA5F458C0C3D1FA0049D04340
144,411826,LOGNKSXA,HCPM-GNIS,01010000006BC7C33181E458C004CCD7C0B1D44340
145,411826,GYLRKSXA,HCPM-GNIS,0101000000FE5360B73EB658C07CF2B0506BD24340
146,411826,IONIKSXA,HCPM-GNIS,0101000000F2BF4B5F3E9658C0686787AEFAD44340
147,411761,RNDLKSXA,HCPM-GNIS,01010000009B98897DDD8258C08DB5BFB33DD24340
148,411826,HLCYKSXA,HCPM-GNIS,010100000002A72D64E4F558C053B70E69AFAE4340
149,411826,WDTNKSXA,HCPM-GNIS,01010000003E810B0D1FC658C005E165E146BA4340
150,411826,ALTNKSXA,HCPM-GNIS,010100000030E4C74EAEBC58C08A833A9B44BC4340
151,411849,TPTNKSXA,HCPM-GNIS,01010000000C337E2B239E58C0A6327B8FE9AB4340
152,411826,NATMKSXA,HCPM-GNIS,010100000009980A3BD6C158C0391158946D984340
153,411849,HNTRKSXA,HCPM-GNIS,01010000006F10AD156D9958C063C4F473F99D4340
154,411840,BRNRKSXA,HCPM-GNIS,0101000000A66DB2FCAF8258C0D3F47E4864984340
155,411826,WKNYKSXA,HCPM-GNIS,0101000000F2AB83CD4AF858C0E090FC7733834340
156,411778,PRDSKSXA,HCPM-GNIS,010100000070C2CE5EC7BA58C0BF8C182C8B8E4340
157,411778,WALDKSXA,HCPM-GNIS,01010000005572A9A514B358C08115F1E7258F4340
158,411778,LURYKSXA,HCPM-GNIS,01010000003B6986F917AC58C03FC4060B278E4340
159,411849,LUCSKSXA,HCPM-GNIS,0101000000C38F204B55A258C0718B9E002F874340
160,411849,SLGVKSXA,HCPM-GNIS,0101000000B8CA13083B9958C0EAA80FC935814340
161,411849,DNMKKSXA,HCPM-GNIS,0101000000CA198A3B5E9258C0F9D115116A8B4340
162,411785,NARKKSXA,HCPM-GNIS,01010000008B8FAA81415B58C0002BD1A3F3FA4340
163,411785,MHSKKSXA,HCPM-GNIS,010100000079E4B44CAB5658C025D3FC8C66FE4340
164,411746,SRFDKSXA,HCPM-GNIS,0101000000A5434C2E6B1658C06AA8AC01A5FF4340
165,411746,AXTLKSXA,HCPM-GNIS,0101000000F19E03CB911058C0A9030FC292EF4340
166,411761,FRMSKSXA,HCPM-GNIS,01010000002F39494E817F58C09EC7725CD7E34340
167,411826,CRLDKSXA,HCPM-GNIS,01010000008EC9E2FE237958C08CD651D504E44340
168,411785,MRVLKSXA,HCPM-GNIS,0101000000A231491BFD4A58C0EE1692DD16EC4340
169,411785,FRVWKSXA,HCPM-GNIS,01010000005F28603B98EE57C050262488A9EB4340
170,411746,LINNKSXA,HCPM-GNIS,0101000000A3456C66634558C0E3DB604D0AD74340
171,411840,GNLFKSXA,HCPM-GNIS,0101000000AA0029FB783E58C0423E8D203ADD4340
172,411785,BARNKSXA,HCPM-GNIS,01010000001C1E673FF73758C037001B1021DB4340
173,411746,VRMLKSXA,HCPM-GNIS,0101000000B19B638A031158C0716B77B416DC4340
174,411746,CENLKSXA,HCPM-GNIS,0101000000CA0FA672240858C024B6BB07E8DC4340
175,411785,CRNGKSXA,HCPM-GNIS,0101000000E0A8705FE20158C055A934BD1FD44340
176,411820,BNDNKSXA,HCPM-GNIS,01010000007FD4CB947BCB57C03C65DAA3DCDE4340
177,411761,JMTWKSXA,HCPM-GNIS,0101000000097481261D7758C0410DDFC2BACC4340
178,411840,CLYDKSXA,HCPM-GNIS,01010000000848EAF3875958C0D3A81B83A9CB4340
179,411840,CFTNKSXA,HCPM-GNIS,01010000005133FF43D55158C09F0E1AB09AC84340
180,411746,WHTNKSXA,HCPM-GNIS,0101000000DE978E94881458C01C7920B248C04340
181,411785,HNVLKSXA,HCPM-GNIS,0101000000017965CDFE0458C05E633CEF6BC14340
182,411785,SLDRKSXA,HCPM-GNIS,01010000002C280CCAB4FD57C06717C2209FC44340
183,411820,MSCTKSXA,HCPM-GNIS,0101000000982721A262E157C0BBFC3D67C1C64340
184,411820,WHNGKSXA,HCPM-GNIS,01010000001955867137E757C08563F1F67BCB4340
185,411841,SPVLKSXA,HCPM-GNIS,010100000074F5BE4C6FF058C0D8BC056DCDEC4240
186,411831,TURNKSXA,HCPM-GNIS,010100000042F45ABF4F9B58C0CF882D9853E74240
187,411780,CLSNKSXA,HCPM-GNIS,0101000000EA6404AFF1B958C0735B6CA4B6D04240
188,411831,IUKAKSXA,HCPM-GNIS,010100000095C5B3BA0BAF58C0B02193E755DD4240
189,411780,MLVLKSXA,HCPM-GNIS,0101000000AE635C7171DE58C03ED7AD5406CB4240
190,411780,COTSKSXA,HCPM-GNIS,01010000001A3625B4C0B458C0C69D770888C14240
191,411833,ROSLKSXA,HCPM-GNIS,010100000020FEABD8A92758C02AFD84B35BE84240
192,411833,RECEKSXA,HCPM-GNIS,010100000003DCE2D0911C58C073EB7FCA42E64240
193,411818,SVBGKSXA,HCPM-GNIS,010100000048B945AA39C957C0F760AD35EFDF4240
194,411833,BUMTKSXA,HCPM-GNIS,010100000040232246192258C02F579AEF3BD44240
195,411818,HPLRKSXA,HCPM-GNIS,0101000000D423B2B4F8BD57C0C042E6CAA0D44240
196,411818,HTVLKSXA,HCPM-GNIS,010100000081E26CDFC8B757C0CB00063873DC4240
197,411833,PDMTKSXA,HCPM-GNIS,01010000009DAD7257651758C0357F4C6BD3CF4240
198,411818,WLNTKSXA,HCPM-GNIS,01010000001948066FFEC457C01A0CBFE5FBCC4240
199,411777,ELLSKSXA,HCPM-GNIS,0101000000C8DC6BF7E1E358C0D33DA18D12784340
200,411777,RNSMKSXA,HCPM-GNIS,0101000000080A174DC2FB58C0D4939E8E6C514340
201,411777,BRWNKSXA,HCPM-GNIS,01010000007F541E38C2EF58C0D072EA14F5514340
202,411777,MCCRKSXA,HCPM-GNIS,0101000000ECEA9FF18EE458C078071D19504A4340
203,411782,GENSKSXA,HCPM-GNIS,0101000000F0C000C2078A58C0F2A43B3E10424340
204,411777,NSCYKSXA,HCPM-GNIS,010100000045589E5104FA58C0B22B2D23F5394340
205,411777,BAZNKSXA,HCPM-GNIS,010100000063F19BC24AEC58C02CB3AD0BE4384340
206,411777,ALXNKSXA,HCPM-GNIS,0101000000D7A8E22167E358C0E268D839173C4340
207,411841,HNSTKSXA,HCPM-GNIS,01010000001372EF2BA0ED58C03F2EBB719C0F4340
208,411761,SMSNKSXA,HCPM-GNIS,0101000000AA9CF6949C7B58C0E860A2E650B14340
209,411840,MGVLKSXA,HCPM-GNIS,0101000000DA50D614ED4C58C03969D086B2BB4340
210,411840,GRENKSXA,HCPM-GNIS,010100000090D8EE1E204058C02C42565CC1B64340
211,411746,WMLDKSXA,HCPM-GNIS,0101000000270B04A6781A58C005F060D56AB24340
212,411746,ONAGKSXA,HCPM-GNIS,010100000069D7CE41E10A58C04F4244C593BE4340
213,411840,GLSCKSXA,HCPM-GNIS,0101000000C2BD326FD57558C00A809653A7AD4340
214,411840,DLPHKSXA,HCPM-GNIS,0101000000C5C48B2A687158C04CDCCFCE0EA34340
215,411840,LNFRKSXA,HCPM-GNIS,0101000000329D8CE0355558C0F6FA496BC2954340
216,411840,WKFDKSXA,HCPM-GNIS,01010000005AF7EA3E5B4058C0A863DF5F4E9B4340
217,411840,MLFRKSXA,HCPM-GNIS,0101000000F54E6095663A58C030B88BD58B954340
218,411849,BKVLKSXA,HCPM-GNIS,0101000000E4A5F67D937758C057DB036333634340
219,411839,WHCYKSXA,HCPM-GNIS,0101000000F4A21B06182F58C0284124E8D4654340
220,411839,CRTOKSXA,HCPM-GNIS,010100000006402663C65258C06ABBAE04F7574340
221,411839,DLVNKSXA,HCPM-GNIS,0101000000D53840D50D3458C020E39BB7FB534340
222,411839,WLSYKSXA,HCPM-GNIS,0101000000A27DACE0372B58C0B1EBCD5E6C514340
223,411782,RXBRKSXA,HCPM-GNIS,01010000002A8BC22E8A5B58C0BEAB79E981464340
224,411746,PLMRKSXA,HCPM-GNIS,0101000000749F77BEFA4858C074EFE192E3D04340
225,411839,BCKYKSXA,HCPM-GNIS,0101000000E288FF85AF4A58C045F30016F9854340
226,411840,OLBGKSXA,HCPM-GNIS,01010000001F477364652758C02DDAD2591CB74340
227,411827,WINOKSXA,HCPM-GNIS,010100000018265305A34F59C0A53E7F901B884340
228,411839,DWGHKSXA,HCPM-GNIS,0101000000CEBF023DF92558C09B1837DA166C4340
229,411833,LTHMKSXA,HCPM-GNIS,0101000000788A0BF6152958C0A2E7BB00A0C44240
230,411841,FORDKSXA,HCPM-GNIS,010100000084431438FEEF58C0B003E78C28D14240
231,260413,AIVLKYXE,HCPM-GNIS,010100000050E67A3686B655C055185B0872554240
232,260418,BOVLKYXA,HCPM-GNIS,0101000000AA413D22CB7955C09FCBD42478B04240
233,260418,BFLOKYXA,HCPM-GNIS,01010000000278B06AB56C55C090B28F5F89C14240
234,260418,CNMRKYXA,HCPM-GNIS,01010000007C52DCA7197155C09D3699A729A54240
235,260418,CNTRKYXA,HCPM-GNIS,0101000000DE9387855A6C55C05B785E2A36924240
236,260413,DNMRKYXA,HCPM-GNIS,0101000000F731303CC0BF55C06995F48B6D894240
237,260418,EDTNKYXA,HCPM-GNIS,0101000000CB7A7B212E6755C0905E1E7C727D4240
238,260418,FNRNKYXA,HCPM-GNIS,0101000000D26F5F07CE7D55C0158C4AEA045C4240
239,260418,GMLLKYXA,HCPM-GNIS,010100000055247035FC7255C062985D41E4514240
240,260396,HETHKYXA,HCPM-GNIS,01010000002864E76DEC3156C0A785DC56C48D4240
241,260413,LWBGKYXL,HCPM-GNIS,0101000000C0481E3E9FBC55C078D6C974437E4240
242,260418,MGNLKYXA,HCPM-GNIS,010100000030AAFBB6966F55C0C9101148D3B84240
243,260413,ROCHKYXA,HCPM-GNIS,0101000000CE4D40B827B955C0983A23A5349B4240
244,260396,WCKLKYXA,HCPM-GNIS,01010000005B4A4C06B64556C01F7EA3C27D7B4240
245,260413,LGPTKYXA,HCPM-GNIS,01010000008154D4AA27B155C0EA28626C7CA44240
246,260401,FRPLKYXA,HCPM-GNIS,010100000072DC291DAC5355C0AC394030477F4240
247,270432,FRISLAXA,HCPM-GNIS,0101000000CDC01259351357C00072C284D1D43D40
248,270425,HCKBLAXA,HCPM-GNIS,0101000000617EB8F5E45557C06D4C99E5FCFE3D40
249,270425,CRELLAXA,HCPM-GNIS,010100000014D44BE71E4757C0CE62731FCACB3D40
250,270425,JHBYLAXA,HCPM-GNIS,0101000000C96BCABA246A57C072E371ACE6C23D40
251,270425,GRCHLAXA,HCPM-GNIS,0101000000EE128BCE683E57C0EEBB7DB152C43D40
252,270441,INNSLAXA,HCPM-GNIS,01010000002112CF2390EB56C038328FFCC1E03E40
253,270425,CMRNLAXA,HCPM-GNIS,01010000004E8B0B51CF5457C06D53E17437CC3D40
254,361384,ESTNMNXE,HCPM-GNIS,0101000000CC86EB07AB7957C09293895B05E24540
255,361391,FETNMNXF,HCPM-GNIS,0101000000539044D4692058C0C326D7B90E8A4740
256,361358,WLLSMNXW,HCPM-GNIS,01010000007009C03FA56E57C02A5437177FDF4540
257,361440,BRCLMNXB,HCPM-GNIS,010100000063C1B3F3EC7357C0350A4966F5C74540
258,421914,BETHMOXA,HCPM-GNIS,010100000042E4993C8A0157C066D828EB37F04340
259,421914,GNTPMOXA,HCPM-GNIS,01010000002290A6D56B2457C035046CAC692C4440
260,421931,MRTWMOXA,HCPM-GNIS,0101000000CB36267A4F3157C0F9B2FEE08D344440
261,421931,MMPHMOXA,HCPM-GNIS,01010000006A036674F60A57C01D1C9194993A4440
262,421914,NWRKMOXA,HCPM-GNIS,0101000000E9E797D244FE56C026A199CC1DFF4340
263,421914,NVLTMOXA,HCPM-GNIS,0101000000FF51E5C5530D57C0C3B6EADF9A014440
264,421931,NVNGMOXA,HCPM-GNIS,0101000000F04C6892582D57C0E1C7E248B11D4440
265,421931,QNCYMOXA,HCPM-GNIS,0101000000B10D260F552457C03451DF8D60344440
266,421901,RHLDMOXA,HCPM-GNIS,0101000000F1D58EE21CE156C032F7DA7DD85B4340
267,421901,TBTSMOXA,HCPM-GNIS,01010000001706D1FF97FD56C0CD823FB26F4F4340
268,421914,WYCNMOXA,HCPM-GNIS,01010000009EE4B3E155FB56C0BBE35EAAE3314440
269,421901,WLBGMOXA,HCPM-GNIS,01010000005B2E7656E6EC56C05CB5C6FBCC754340
270,421931,ARBLMOXA,HCPM-GNIS,0101000000B4AB90F2130157C098DEFE5C343B4440
271,421914,KNCYMOXA,HCPM-GNIS,0101000000E1BEC40E990057C092C3712A63124440
272,421931,LMNSMOXA,HCPM-GNIS,0101000000FB969416094357C0DBCB6C46BC334440
273,421914,LNRDMOXA,HCPM-GNIS,01010000003F19E3C36C0B57C0EC5E3821BEF24340
274,421931,LURYMOXA,HCPM-GNIS,0101000000F058220670F856C01E053EF5FE394440
275,421874,GRWDMOXA,HCPM-GNIS,010100000006E22B7068BA56C0DBAD1BA501884240
276,421931,UNVLMOXA,HCPM-GNIS,01010000007FF5B86F354057C0823D810B0D3D4440
277,421931,TBCKMOXA,HCPM-GNIS,0101000000F0C2D66CE50D57C08E9A0A4C022F4440
278,421931,OMAHMOXA,HCPM-GNIS,0101000000DF09078C3F3357C00877C2A629444440
279,421901,MOKNMOXA,HCPM-GNIS,0101000000F41ABB44F5F756C06C370BC567564340
280,280457,GLALMSXA,HCPM-GNIS,0101000000215C5C3EEDC156C0E4D6A4DB12834040
281,482248,DEVNMTXC,HCPM-GNIS,01010000000D22AD8CA1DE5BC0A0CD6042BB3B4840
282,482248,ETRGMTXC,HCPM-GNIS,0101000000434761CDB7075CC0A3FA18BD64474840
283,482254,GRNTMTXC,HCPM-GNIS,0101000000E0A2EE5E49445CC00C72BCA717814640
284,482248,NCBNMTXC,HCPM-GNIS,0101000000E50AEF72911D5CC0576D48ED8F514840
285,482257,SMLTMTXC,HCPM-GNIS,0101000000247D5A457F0A5BC097D17E5AFB0B4840
286,482254,JCSNMTXC,HCPM-GNIS,0101000000BAB99D222C5A5CC0708D19F219AF4640
287,482255,NHRTMTXC,HCPM-GNIS,01010000000E1A55E1AAB55BC0B4ED0FEF948C4740
288,482251,MLCYMTXC,HCPM-GNIS,0101000000E3AA0DA9FD715AC0CA76741200184740
289,381610,BWDNNDXA,HCPM-GNIS,0101000000A219D5334EED58C05BDC35D71FBC4740
290,381630,BRCKNDXA,HCPM-GNIS,010100000091E2D2E7D99658C08F9C9669451B4840
291,381610,CRTYNDXA,HCPM-GNIS,01010000008545A05541A458C0AE916E95719C4740
292,381611,CRETNDXA,HCPM-GNIS,01010000002B4190CD9F7D58C0071DBE96A1194740
293,381610,EDMNNDXA,HCPM-GNIS,0101000000ACC4E171F6BD58C06A7A9ADDA49F4740
294,381611,FRBSNDXA,HCPM-GNIS,0101000000293A37120DB258C0C4C02962C7F84640
295,381611,FRMNNDXA,HCPM-GNIS,0101000000F3F63130BC6858C0C2B4B97BCA0D4740
296,381611,FTRNNDXA,HCPM-GNIS,0101000000BE480D12477B58C0B58F70B5A9424740
297,381611,FRDNNDXA,HCPM-GNIS,010100000037D8405F1FC658C0773C1C13182A4740
298,381611,FUTNNDXA,HCPM-GNIS,01010000005E9C9DB1549B58C063E2A0CE26154740
299,381610,GCKLNDXA,HCPM-GNIS,0101000000D070146A17C958C0CF7BAD951A504740
300,381610,GRCYNDXA,HCPM-GNIS,010100000006AFA7678BB358C0DEFC2BD093C64740
301,381611,GLPHNDXA,HCPM-GNIS,0101000000FFBDCA90198F58C0CA7E2777E9024740
302,381611,GWNRNDBC,HCPM-GNIS,0101000000AD3DA2F8676A58C06607A6E4E61C4740
303,381447,HMPDNDXA,HCPM-GNIS,0101000000C3256CE4DFA958C0E6023C0E28454840
304,381604,HZTNNDXA,HCPM-GNIS,0101000000EA364D44E41159C0C57AFE0F0B3E4740
305,381604,KNTYNDXA,HCPM-GNIS,01010000001E577E74C5FC58C0DC73AAC65C464740
306,381611,LSBNNDBC,HCPM-GNIS,0101000000296E26F0986B58C0F064DC7987384740
307,381611,LTVLNDXA,HCPM-GNIS,010100000098B734C86E8C58C0CDBDD1D8A8534740
308,381610,MEDNNDXA,HCPM-GNIS,0101000000E7CF6D7830D358C0CAD7AF856A724740
309,381611,MRCTNDXA,HCPM-GNIS,0101000000AE96E079CEB058C0B428A215CE1A4740
310,381604,NPLNNDXA,HCPM-GNIS,010100000066A208A95BF158C098CF036910414740
311,381611,OAKENDXA,HCPM-GNIS,0101000000DBCEADC6C88558C00A3664F2BC114740
312,381604,PTTBNDXA,HCPM-GNIS,0101000000FD7B3A6840E158C02C45F295408F4740
313,381604,REGNNDXA,HCPM-GNIS,0101000000F65FE7A6CD2159C0831376F63A944740
314,381604,STNGNDXA,HCPM-GNIS,01010000008CD1DFF0A71259C01E3757282D684740
315,381610,STRTNDXA,HCPM-GNIS,01010000007A9400EBA7D658C0CFBC1C76DF534740
316,381610,SYKSNDXA,HCPM-GNIS,01010000003E50B86892D958C03318231285BB4740
317,381604,TAPPNDXA,HCPM-GNIS,01010000002FE1D05BBCE858C0A13F7E80FF6F4740
318,381604,TUTLNDXA,HCPM-GNIS,010100000063CB97BCA6FF58C03F9D3C7661924740
319,381610,WNDSNDXA,HCPM-GNIS,01010000002DD8FCAEBEC258C06AB46675BC724740
320,381604,WINGNDXA,HCPM-GNIS,0101000000D141F229DB1159C0627F7E8406924740
321,381610,WDWONDXA,HCPM-GNIS,01010000004E0AF31E67D358C0CFEC04453D924740
322,381610,YPSLNDXA,HCPM-GNIS,0101000000EF6F75A50AA458C01EE3E54416644740
323,381604,ZELDNDXA,HCPM-GNIS,0101000000850BD4BD29F558C08051387128FC4640
324,381611,DCKYNDXA,HCPM-GNIS,01010000008A2EB99BF19D58C07D87ECCDB9444740
325,381611,EDGLNDXA,HCPM-GNIS,0101000000144B8050CDAD58C05D216239F82D4740
326,381611,JUD NDXA,HCPM-GNIS,0101000000FFB3418152B958C003345BC356434740
327,381611,KULMNDXA,HCPM-GNIS,010100000000D358B1AEBC58C082188D21A5264740
328,381611,LAMRNDXA,HCPM-GNIS,01010000002B908FCCD99258C060747973B82D4740
329,381611,MARNNDXA,HCPM-GNIS,010100000095BB2AAB449558C0720D7DC1B84D4740
330,381611,VRNANDXA,HCPM-GNIS,01010000001F903AF0A08458C002356BDF922E4740
331,381607,AMDNNDXA,HCPM-GNIS,01010000000B557B2299D459C0E8C715CDB93D4740
332,381611,MLNRNDXA,HCPM-GNIS,01010000004057B66A325D58C0023E89192B214740
333,381604,WLTONDXA,HCPM-GNIS,01010000002901D64F243259C050C2F1214D944740
334,371532,ANSMNEXS,HCPM-GNIS,010100000071FF36305EF758C0EEAC82BD2ECF4440
335,371532,ARTHNEXS,HCPM-GNIS,0101000000BA83D899426C59C02BD1A3F32BC94440
336,371532,BNHMNEXS,HCPM-GNIS,010100000032C5C14AAA8559C02D173B2BB3024540
337,371532,BRWSNEXS,HCPM-GNIS,0101000000EAA001AB59F758C0A143858F2DF84440
338,371532,BRWNNEXS,HCPM-GNIS,010100000089319F620B2859C0ED79A3FBDE244540
339,371553,CMPBNEXM,HCPM-GNIS,0101000000E428E55AD9AE58C0B2EABD4230264440
340,371532,DNNGNEXS,HCPM-GNIS,01010000007099D365B10659C04B4C61EF0FEA4440
341,371562,ESTSNEXS,HCPM-GNIS,01010000004A9BAA7BE40159C02C312A04CD544440
342,371553,LWRNNEXM,HCPM-GNIS,010100000058F89FA1A49058C08E2C4FD65E254440
343,371537,LDGPNEXS,HCPM-GNIS,0101000000E3F3D434B9A859C00877C2A629934440
344,371553,NRMNNEXM,HCPM-GNIS,0101000000CD4DE5FEB4B258C09B17CC04683D4440
345,371532,PRDMNEXS,HCPM-GNIS,01010000005AC7A7B68A1059C04DDE5BEC51084540
346,371553,RSLDNEXM,HCPM-GNIS,0101000000F2385673CAA358C02E48E988323C4440
347,371532,SENCNEXS,HCPM-GNIS,01010000004FBCB9AE4E3559C02AB39CDF8B054540
348,371553,UPLDNEXM,HCPM-GNIS,0101000000D13DEB1AADB958C05219B5B1C8284440
349,371532,WHMNNEXS,HCPM-GNIS,01010000003D3EC6817C6159C09A7EE4315E054540
350,371532,HLSYNEXS,HCPM-GNIS,0101000000DEF41DB2371159C00DB21B6CA0F34440
351,120042,DXNTNHXA,HCPM-GNIS,0101000000EA79371694D351C02D9A2908796F4640
352,492259,MXWLNMXC,HCPM-GNIS,0101000000BFAA69CDC5225AC09065C1C41F454240
353,492176,CLMBNMXC,HCPM-GNIS,01010000002D663A2AEDFC5AC0809A5AB6D6D93F40
354,492066,QUENNMXC,HCPM-GNIS,0101000000E232B8F7BA2F5AC0D2F7BFC870184040
355,492066,TMBRNMXC,HCPM-GNIS,0101000000E62CA2DC6C6C5AC09E071CAE7A4F4040
356,552284,MRVRNVXA,HCPM-GNIS,0101000000B8AF03E78CCD5CC05A48C0E8F2C84440
357,432018,ALINOKXA,HCPM-GNIS,01010000003B6178DBBB9C58C0A47B8CA83F414240
358,432018,AMESOKXA,HCPM-GNIS,0101000000F49E6FB0DC8B58C0EC4E779E781F4240
359,432018,ARNTOKXA,HCPM-GNIS,0101000000D6EBCCF396F158C0A58A3D0F49114240
360,432018,BLNCOKXA,HCPM-GNIS,0101000000740D33341E6A58C029B91EE0A4914140
361,432018,BRDLOKXA,HCPM-GNIS,0101000000CE7F59EB556D58C09C1D047866704140
362,431788,BRMNOKXA,HCPM-GNIS,0101000000FB08579B5A5558C0D6A13FD939764240
363,432018,BFLOOKXA,HCPM-GNIS,01010000005C5F7F6D58E858C0A73BF482F46A4240
364,432018,CALMOKXA,HCPM-GNIS,01010000005F28603B988758C0A7131AD2F2CC4140
365,431988,CMRGOKXA,HCPM-GNIS,0101000000B789496E83D258C01428BDCA35024240
366,432018,CNTNOKXA,HCPM-GNIS,010100000050FBAD9DA8A558C07DF20B0ADE064240
367,432018,CRMNOKXA,HCPM-GNIS,01010000000CBD0F51969D58C0993AD9171A4A4240
368,432018,CRTROKXA,HCPM-GNIS,01010000008F3523835CE058C0DFA06241069C4140
369,432018,CHTGOKXB,HCPM-GNIS,0101000000C998165003AA58C09C27E84020364140
370,432018,CHESOKXA,HCPM-GNIS,0101000000551E937BF0BA58C068B922E7B31B4240
371,432018,CMNCOKXA,HCPM-GNIS,010100000017F549EEB07D58C02986F5903A2F4140
372,432018,CVTNOKXA,HCPM-GNIS,010100000043499231886558C0476C1C565D274240
373,432018,CRSCOKXA,HCPM-GNIS,0101000000390CE6AF106658C0E643ABEEECF94140
374,432018,CSTROKXA,HCPM-GNIS,0101000000C22E2F6585B858C0FB5D335420D54140
375,432018,DACMOKXA,HCPM-GNIS,0101000000900B186E0AA458C0EE3D01B969544240
376,432018,DRCKOKXA,HCPM-GNIS,0101000000BC61365C3F6158C0CFC6A58526674240
377,432018,DBBLOKXA,HCPM-GNIS,0101000000A8D9A8F34D6858C053509B8246844140
378,432018,DGLSOKXA,HCPM-GNIS,0101000000167A0E76D46A58C060CEC7105B214240
379,432018,DOVROKXA,HCPM-GNIS,01010000007DAD4B8D507A58C0DEEBFF779FFD4140
380,432018,DRMDOKXA,HCPM-GNIS,0101000000EB44381C4C8258C0A94A00A370264240
381,431988,ERCKOKXA,HCPM-GNIS,0101000000AD6EF59C74F758C0EC2C1FEE8F9B4140
382,432018,FARGOKXA,HCPM-GNIS,0101000000584AE020EBE758C0523530A825304240
383,432018,FAY OKXA,HCPM-GNIS,0101000000CF36925F1AAA58C07A5D75D31CE84140
384,432018,FTSPOKXA,HCPM-GNIS,01010000003C331C2AA1E458C098BD6C3B6D494240
385,432018,FRDROKXA,HCPM-GNIS,01010000004E5C339E2DC158C000D6F4EA2D324140
386,432018,FRDMOKXA,HCPM-GNIS,010100000024FA6B6839C758C0169DD1FB6B624240
387,432018,GAGEOKXA,HCPM-GNIS,0101000000193735D07CF058C07F66B56565284240
388,432018,GRBROKXA,HCPM-GNIS,010100000050F7A68E7A6558C0A4062EEAEE374240
389,432018,GERYOKXA,HCPM-GNIS,0101000000E41F6C674E9458C010C8CAD4C9D04140
390,431788,GLTROKXA,HCPM-GNIS,01010000007FAD0100B68958C0680932022A444240
391,432018,GOLDOKXA,HCPM-GNIS,0101000000E3DAF5775BF158C0163BD0F9DF554140
392,432018,HRMNOKXA,HCPM-GNIS,0101000000C4002E6DDDE358C055CE28A787124240
393,432018,HSNGOKXA,HCPM-GNIS,01010000001E5036E50A8758C0748E4B66061D4140
394,432018,HLNAOKXA,HCPM-GNIS,01010000001CA732D6489158C066773705E8454240
395,432018,HNSYOKXA,HCPM-GNIS,0101000000999EB0C4837958C050C9946AFA0D4240
396,432018,HLLSOKXA,HCPM-GNIS,01010000007C1D82F45EFA58C0445E20521D584140
397,432018,HPTNOKXA,HCPM-GNIS,0101000000B513CA679EAA58C03E64254113584240
398,432018,HNTROKXA,HCPM-GNIS,0101000000D1949D7E506A58C0704EDB7525484240
399,431788,JET OKXA,HCPM-GNIS,0101000000D6CE8B6E988B58C0A840C12044554240
400,432018,KGFSOKXA,HCPM-GNIS,01010000003C612E4EA17B58C02BDD5D6743EE4140
401,432018,LAHMOKXA,HCPM-GNIS,010100000009E8740FBF8558C0F20C75B39A314240
402,432018,LAMTOKXA,HCPM-GNIS,0101000000F19073AC9C6358C07905A22765584240
403,431988,LEDYOKXA,HCPM-GNIS,0101000000ED2DE57C31D658C0BE405AAD5DEF4140
404,432018,LOCOOKXA,HCPM-GNIS,01010000005F9E29CF976B58C01DC64906252A4140
405,432018,LGDLOKXA,HCPM-GNIS,0101000000B71D64A33DA358C08B1B125212114240
406,432018,LOYLOKXA,HCPM-GNIS,010100000046ADD5C3BC8758C07E4056A64EFC4140
407,432018,MANTOKXA,HCPM-GNIS,010100000050A6762BF0BE58C0E6D65A4EF8404140
408,432018,MRSHOKXA,HCPM-GNIS,0101000000BFEE74E7096858C080FBF0E2B3134240
409,432018,MAY OKXA,HCPM-GNIS,01010000000A592778D4EF58C07BAA9E27F94E4240
410,432018,MENOOKXA,HCPM-GNIS,010100000075B0FECF618B58C09EC25B316D314240
411,432018,MRLDOKXA,HCPM-GNIS,010100000004BAE5D91BCD58C0A266A3CE37384240
412,432018,NASHOKXA,HCPM-GNIS,0101000000782975C9388358C0E9013D1E44554240
413,432018,NWCSOKXA,HCPM-GNIS,0101000000BC5CC477626658C0571DDE18A79F4140
414,432018,OKWDOKXA,HCPM-GNIS,01010000007896202320AD58C0A8EAD44B42F74140
415,432018,OKRCOKXA,HCPM-GNIS,010100000019BECF027E7E58C01DAB949EE9DC4140
416,432018,OKENOKXA,HCPM-GNIS,0101000000B6F292FF499458C077BF0AF0DD0E4240
417,432018,ORLAOKXA,HCPM-GNIS,0101000000B62BF4C1325858C0936EF02A10134240
418,432018,PDCKOKXA,HCPM-GNIS,01010000007D8A2D4E467358C068CA4E3FA8554240
419,432018,PTNMOKXA,HCPM-GNIS,010100000038E3EAB6FABD58C0F8753B5684ED4140
420,432018,QNLNOKXA,HCPM-GNIS,010100000054820F6FE7C258C0D15790662C3A4240
421,432018,RNWDOKXA,HCPM-GNIS,01010000005D6A29C5B38F58C0C145DDBD92304240
422,432018,SLNGOKXA,HCPM-GNIS,0101000000ECDCB41927BB58C0D016C6CCF4124240
423,432018,SLMNOKXA,HCPM-GNIS,0101000000DB8420AC6BDF58C07B979C24A7664240
424,432018,SNTNOKXA,HCPM-GNIS,01010000005A27D30D39CB58C0AA6395D233944140
425,432018,SHTCOKXA,HCPM-GNIS,0101000000DE6B521B66F858C090EDC6CC4F234240
426,431988,SWTWOKXA,HCPM-GNIS,0101000000B0389CF955FA58C04781F4030DB64140
427,431988,TALGOKXA,HCPM-GNIS,0101000000A71A6261ADBD58C060F18A96F2044240
428,432018,TMPLOKXA,HCPM-GNIS,0101000000ED5575A0188F58C00C34E900D2224140
429,432018,THMSOKXA,HCPM-GNIS,0101000000D3C08F6AD8AF58C0BA55C67542DF4140
430,432018,TPTNOKXA,HCPM-GNIS,010100000045E2D4BD04C958C07D51CC8B5D404140
431,432018,WAKTOKXA,HCPM-GNIS,0101000000ACB3B519027B58C0D98A47F311714240
432,432018,WTNGOKXA,HCPM-GNIS,0101000000F6436CB0709A58C06CE5CA4521EC4140
433,432018,WYNKOKXB,HCPM-GNIS,0101000000FB027AE14EB858C06DB4D25A874A4240
434,432016,GRGSOKXA,HCPM-GNIS,01010000007E46D8A6E79759C0A9D3CB39C24E4240
435,431988,RGMLOKXA,HCPM-GNIS,01010000000D73DDEF2BF358C025CD1FD3DAE94140
436,431988,RYDNOKXA,HCPM-GNIS,0101000000FA9D81ECD0FA58C0BA601514ABD34140
437,432018,CLSPOKXA,HCPM-GNIS,01010000008143A852339C58C093567C43E1334240
438,532371,ASVYORXA,HCPM-GNIS,0101000000BEBD6BD097F45EC05768D608B3C64540
439,532371,RPBKORXX,HCPM-GNIS,0101000000534DFF48C7825EC00D44053D8A8A4640
440,532393,HRTNORXX,HCPM-GNIS,0101000000552D8E6F94DF5EC0AD20BC2CDC1A4640
441,532393,DDWDORXX,HCPM-GNIS,0101000000D79F692EDCF05EC00F046D173F0C4640
442,532392,OXBWORXA,HCPM-GNIS,0101000000D6427F573A375DC0FE486CD2C87C4640
443,240550,CLHLSCXA,HCPM-GNIS,01010000005A345310F28D54C0423CB775DCDA4040
444,240550,MTCRSCXA,HCPM-GNIS,01010000002A06A3ED73A054C0D2B2A492F0004140
445,240550,PLBHSCXA,HCPM-GNIS,0101000000C5FF1D51A19054C05971056FA3EC4040
446,240531,HTSPSCXA,HCPM-GNIS,0101000000ADF71BED382B54C06864462EEE4B4140
447,240550,IVA SCXA,HCPM-GNIS,0101000000BB7CEBC37AAA54C07C6AAB483B274140
448,240550,DWSTSCXA,HCPM-GNIS,01010000006403E962D39854C0EE395563AE2A4140
449,240550,STRRSCXA,HCPM-GNIS,0101000000C12B932B86AC54C0B436323443304140
450,391670,ACDMSDXA,HCPM-GNIS,010100000016B2A9A91BC558C06426ACE86ABA4540
451,391680,BLNTSDXA,HCPM-GNIS,0101000000433D7D047EFF58C06FAF16E98F414640
452,391680,BWDLSDXA,HCPM-GNIS,01010000002557563FDBE958C0492EFF21FDB94640
453,391686,BURKSDXA,HCPM-GNIS,0101000000D51CC5DEB0D258C0664348275C974540
454,391647,DUPRSDXB,HCPM-GNIS,01010000001990BDDEFD5F59C0BD35B055824D4640
455,391688,CRSBSDXA,HCPM-GNIS,01010000009E8A6544B3BC58C07997E6B1C1954640
456,391659,ENNGSDXA,HCPM-GNIS,0101000000E2D528DA0BA459C0F073D76DAB494640
457,391670,FTTHSDXA,HCPM-GNIS,0101000000031B214D06DC58C088BCE5EAC7084640
458,391680,GTBGSDXA,HCPM-GNIS,0101000000506B3FBE29FD58C0AE0A79A97D814640
459,391686,GRGRSDXA,HCPM-GNIS,0101000000A78F65668BDB58C0C5F13279B99D4540
460,391680,HRLDSDXA,HCPM-GNIS,0101000000D17D946C50EF58C0E94E667220434640
461,391659,HAYSSDXA,HCPM-GNIS,0101000000E6B397C8604159C0020352AC642F4640
462,391680,LNFRSDXA,HCPM-GNIS,01010000004012F6ED247558C0B67526231DCD4640
463,381607,LADDNDXA,HCPM-GNIS,0101000000E1A41FC319D859C05B67D718CFEA4640
464,391659,MRNESDXA,HCPM-GNIS,01010000002011AEDBFBA559C02AF23515F3824640
465,391686,MSSNSDXA,HCPM-GNIS,0101000000439A67DB1F2A59C0E7F406A925A74540
466,391670,NHLDSDXA,HCPM-GNIS,01010000004E475BF0FDA658C041F0F8F6AEB64540
467,391670,PKWNSDXA,HCPM-GNIS,010100000050AD19749DCB58C059CAE83697E34540
468,391686,RLNCSDXA,HCPM-GNIS,0101000000ED66463F9AE658C0B309302C7FF04540
469,391680,ROSCSDXA,HCPM-GNIS,0101000000892FC9B7ADD558C0CFF00B546BB94640
470,391686,RSBDSDXA,HCPM-GNIS,0101000000F616C5619F3659C0CD8A4DD0CB9D4540
471,391680,SLBYSDXA,HCPM-GNIS,0101000000B2344B5D0D0259C0A1B14005D1C04640
472,391686,VIVNSDXA,HCPM-GNIS,010100000034DD465EB11259C0930DB5B7A5F64540
473,391659,WASTSDXA,HCPM-GNIS,010100000074EA6FAE869C59C094C6C3D6C7084640
474,391680,WSSPSDXA,HCPM-GNIS,010100000042791F4773A458C084DFE1D1210A4640
475,391670,WHLKSDXA,HCPM-GNIS,01010000005A0AED41ADAD58C003D3C49679DD4540
476,391659,WKVLSDXA,HCPM-GNIS,0101000000DF6A42FFA9A559C0D91BC6EE4C0C4640
477,391686,CLFDSDXA,HCPM-GNIS,01010000000EA2B5A2CD0159C035199F138C954540
478,391659,CGTNSDXA,HCPM-GNIS,0101000000BA2AF5D14E8D59C04D39155FA3204640
479,391676,PRTNSDXA,HCPM-GNIS,010100000078FD3850968D58C0F830202004BC4540
480,391680,ONIDSDXB,HCPM-GNIS,01010000005E74C300531959C02A5D555117534640
481,391659,ARMRSDXA,HCPM-GNIS,0101000000FF58880E01EA59C043D0871D7C824540
482,391659,OLRCSDXA,HCPM-GNIS,0101000000A1DC11A9C4CE59C0EA33B10AE5964540
483,391670,GNVYSDXA,HCPM-GNIS,01010000005A83F75539BF58C08ACBF10A44044640
484,391659,ORALSDXA,HCPM-GNIS,01010000000DD242B838D159C015FE0C6FD6B34540
485,391680,REHGSDXA,HCPM-GNIS,0101000000904F2388CECC58C04574194861424640
486,391680,SENCSDXA,HCPM-GNIS,0101000000A1078893C5E058C0CD7C62F8E3874640
487,391657,OLHMSDXA,HCPM-GNIS,010100000055C7855EDA4D58C064C9C111490F4640
488,391680,WSTNSDXA,HCPM-GNIS,010100000033DFC14F9CAC58C0D17C2997213A4640
489,391686,WTTNSDXA,HCPM-GNIS,0101000000A64D8BB0170559C08C39BEAC3FB84540
490,290579,CRFRTNXA,HCPM-GNIS,01010000004BE9995E624955C09445065ED2214240
491,290573,BTHPTNXA,HCPM-GNIS,01010000006A5F8ABCF69355C0624F96B5A83D4240
492,290579,BYTWTNXA,HCPM-GNIS,010100000057B3CEF83E4855C01F9B898E89494240
493,290579,CELNTNXA,HCPM-GNIS,0101000000BC5983F7556055C0A1A6F16668464240
494,290579,CHMNTNXA,HCPM-GNIS,01010000006872D64CE37455C0C939B187F6194240
495,290581,FLCKTNXA,HCPM-GNIS,0101000000C5E57805229A55C0260EEA6C12B24140
496,290562,GOVLTNXA,HCPM-GNIS,01010000009532045B807B55C07D19315816164240
497,290579,LVTNTNXA,HCPM-GNIS,0101000000A8D8E264AC5455C0FC74971F13314240
498,290562,MLTNTNXA,HCPM-GNIS,01010000004F458545A08B55C0AB23473A03F74140
499,290579,MOSSTNXA,HCPM-GNIS,01010000000257C38F7B6755C0F8F9EFC16B4B4240
500,290562,NORNTNXA,HCPM-GNIS,0101000000036674F6848F55C0F06888CF42074240
501,290573,OKGVTNXA,HCPM-GNIS,01010000004DB049C8519855C0C652245F09494240
502,290573,PLSHTNXA,HCPM-GNIS,0101000000A631B500C87C55C0496760E465304240
503,290579,RKMNTNXA,HCPM-GNIS,010100000096D123A1085855C0BC97569E9B214240
504,290573,WMLDTNXA,HCPM-GNIS,0101000000641D33F5DF8F55C0DF1EDF39EF474240
505,290562,WDBYTNXA,HCPM-GNIS,0101000000EF022505968455C0039FD5B8EDE94140
506,290562,ABTWTNXA,HCPM-GNIS,01010000004272D7B7388655C0BDB266BF49F94140
507,290579,BXTRTNXA,HCPM-GNIS,010100000035E0E297306955C0A2A87D84AB134240
508,290579,CLRKTNXA,HCPM-GNIS,0101000000C7C672011E4155C09EC59CB179174240
509,290581,CLGVTNXA,HCPM-GNIS,01010000006D252A0A2AAB55C07C992842EAE44140
510,290573,DFTDTNXA,HCPM-GNIS,010100000024D7A8E2217A55C0DBFCBFEAC8294240
511,290579,CKVLTNXB,HCPM-GNIS,0101000000EB73B515FB6355C0FAC44B81160E4240
512,290562,ALXNTNXA,HCPM-GNIS,0101000000C5CE6FF3218255C098028871ED094240
513,442166,EGLNTXXA,HCPM-GNIS,0101000000635BABE2B2C259C054DE33B7E7964140
514,442159,ARWLTXXA,HCPM-GNIS,010100000015FD46E034D258C066FA25E2AD473C40
515,442105,BLDLTXXA,HCPM-GNIS,0101000000C311FF0B5F8158C0BD68D9A4EC2C4040
516,442151,BFLGTXXA,HCPM-GNIS,010100000067704A2F20F558C050F05EFFBF234040
517,442057,BRKTTXXA,HCPM-GNIS,0101000000E4D87A8670CE58C0AB1ACE46F8FE3F40
518,442168,COAHTXXA,HCPM-GNIS,0101000000649DE051995359C0363E93FDF3254040
519,442159,ENCNTXXA,HCPM-GNIS,010100000051CD9B79A88858C057BB815DA8EF3A40
520,442159,FWTNTXXA,HCPM-GNIS,0101000000434E0416E5B358C036BBA4202E773C40
521,442168,GRCYTXXA,HCPM-GNIS,01010000002674F27DCC5E59C0ED026F9230DD3F40
522,442151,LAWNTXXA,HCPM-GNIS,010100000096B43DD5FCEF58C09CC6511443114040
523,442168,LNRHTXXA,HCPM-GNIS,01010000003DEBBF73147859C0BBD573D2FB264040
524,442151,LDRSTXXA,HCPM-GNIS,0101000000FD80AC4C9DE758C03B0D62B197664040
525,442159,MCCKTXXA,HCPM-GNIS,01010000003A6865B1039958C0E2E24D23D27B3A40
526,442151,NOLNTXXA,HCPM-GNIS,0101000000F78370BB860F59C09053CFDD09234040
527,442151,NDLETXXA,HCPM-GNIS,0101000000E11E95AC540359C04C89247A194D4040
528,442168,SNSPTXXA,HCPM-GNIS,0101000000A635BC0F765659C0DD19B7E22C244040
529,442151,TSCLTXXA,HCPM-GNIS,0101000000D7FC5305FEF258C046BC2B71D31A4040
530,442168,VNCNTXXA,HCPM-GNIS,01010000000D9AA784714E59C0082C6FFDAA3D4040
531,442151,WNGTTXXA,HCPM-GNIS,0101000000AD1E8BC80B0759C0EE4A81BBA2054040
532,442039,SXSHTXXA,HCPM-GNIS,0101000000B64AB0389CC159C00F5F268A90CA3E40
533,442061,BUGVTXXA,HCPM-GNIS,010100000042E50412B98E58C0BF20336145D64040
534,442071,BULATXXA,HCPM-GNIS,010100000081FF52ABD4A859C00EBB945FABF44040
535,442141,CEVETXXA,HCPM-GNIS,0101000000270BA9EC851C59C08134AD5E8F1C4140
536,442116,FSBGTXXA,HCPM-GNIS,01010000005419C6DDA06358C033F4F4B63EC44040
537,442061,JOY TXXA,HCPM-GNIS,0101000000CB19E5F4D08D58C05CF40478C1C94040
538,442071,MAPLTXXA,HCPM-GNIS,01010000009415C3D581B959C000FE2955A2EC4040
539,442141,MDMDTXXA,HCPM-GNIS,0101000000F35487DC0CE658C06B5D0FCB0B184140
540,442170,MDWTTXXA,HCPM-GNIS,01010000009A56AFC769B259C030A75F7D97EC4140
541,442066,MLHGTXXC,HCPM-GNIS,01010000008AE3C0AB655A5AC091F4C4CE6F453F40
542,442071,NDMRTXXA,HCPM-GNIS,0101000000E6F7472932AF59C03A1389F83D044140
543,442066,GDPKTXXC,HCPM-GNIS,0101000000B70FD484C82F5AC03F027FF8F9EB3F40
544,442103,PTALTXXA,HCPM-GNIS,01010000000630C099731A58C0350A4966F5A83C40
545,442071,SDANTXXA,HCPM-GNIS,010100000022D04F278FA159C00548D9C7AF084140
546,442170,TXLNTXXA,HCPM-GNIS,01010000000CFC4DCD8AC159C0429B77F75B304240
547,442141,THLATXXA,HCPM-GNIS,010100000063096B636CE258C01168FA360EFE4040
548,442141,TRSCTXXA,HCPM-GNIS,01010000002F5805C5EAF358C09B6E7E688BE04040
549,442112,GRLYTXXA,HCPM-GNIS,0101000000FE1E0604046359C01494A2957B654140
550,442151,NBIATXXA,HCPM-GNIS,01010000003E46D49FD80359C0E26D4A1EF4354040
551,442151,BRDSTXXA,HCPM-GNIS,010100000040C9D3A876F958C0EC0786BD9A0C4040
552,442039,HECYTXXA,HCPM-GNIS,010100000015504DEE1CC559C085A4051ECEA63D40
553,442168,WSNTTXXA,HCPM-GNIS,01010000005CC7B8E2627759C0D0A0FC38F50C4040
554,442151,POTSTXXA,HCPM-GNIS,0101000000D75C24A3B9E658C065E256410C214040
555,442168,LOMXTXXA,HCPM-GNIS,0101000000BF9360BBC56059C09D1ECA0688144040
556,442168,LTHRTXXA,HCPM-GNIS,0101000000D2A52490376159C09900B2C68F2D4040
557,442151,HMBYTXXA,HCPM-GNIS,010100000049F4328A65E858C007A6E4E665424040
558,442086,GNSTTXXA,HCPM-GNIS,0101000000CAE59A5DD2EC58C032B32A1D07453E40
559,442168,STLWTXXA,HCPM-GNIS,0101000000C8E5E4EA6C6259C0F3EE2312E0B33F40
560,442046,VEBATXXA,HCPM-GNIS,0101000000C003A84E2C5359C0AD534035B9904040
561,442061,LKKPTXXA,HCPM-GNIS,010100000057CAD70ABFB558C07C7BD7A02FD94040
562,442170,BNHLTXXA,HCPM-GNIS,0101000000BE045DB1F5B759C0417DCB9C2E104240
563,442046,HCMTTXXA,HCPM-GNIS,0101000000DF6465451E1359C03F9358ADA7E74040
564,442170,LUTZTXXA,HCPM-GNIS,01010000009C46A4B7098259C08744EBF2F7174240
565,442071,LHMNTXXA,HCPM-GNIS,0101000000BC3B32561BB359C0FB230C0396CF4040
566,442159,SNMGTXXA,HCPM-GNIS,0101000000111148D3EAB658C00C27C4B70BF43C40
567,442170,KRRCTXXA,HCPM-GNIS,010100000094467133818959C07910F1C5CD244240
568,442116,RSTNTXXA,HCPM-GNIS,010100000067D311C04D5C58C0C83B2C79E1BD4040
569,442170,CDWRTXXA,HCPM-GNIS,0101000000DBB639DF199C59C05CE91093CB0E4240
570,442159,SISDTXXA,HCPM-GNIS,01010000000285D5B3FB9B58C0A33CF372D8B53A40
571,442066,DSHVTXXA,HCPM-GNIS,01010000008F83B7ACE77C5AC0088B2F7F2AD13F40
572,442151,CRWSTXXA,HCPM-GNIS,0101000000153B1A87FAF158C08894B08053EF3F40
573,502278,CLEVUTXC,HCPM-GNIS,0101000000C51561D47FB65BC081F8AF62A7AC4340
574,502288,CLVLUTMA,HCPM-GNIS,01010000000A8E812B8FD95BC0F29B1D0478754440
575,502278,GNRVUTXC,HCPM-GNIS,0101000000965753FE5A8A5BC04A6D9857647F4340
576,502288,RNDHUTXC,HCPM-GNIS,0101000000E5304E32A8CB5BC0847B0A2538D54440
577,502277,SPFCUTXC,HCPM-GNIS,010100000079B93E62AAE15BC0E2900DA48B044440
578,502278,EMRYUTXC,HCPM-GNIS,0101000000A557B906ECCF5BC01CDAB6DE25764340
579,502278,FRRNUTXC,HCPM-GNIS,01010000003E61E4C086C85BC0807B4386FA8B4340
580,502287,SLSMUTXC,HCPM-GNIS,010100000096F9580BFDC45BC07E88B25CDBF64340
581,190248,DNGNVAXA,HCPM-GNIS,0101000000591EFF603B9E54C0D1706F230A6A4240
582,190248,CLPTTNXA,HCPM-GNIS,010100000080176CD990AF54C07A64BD6257564240
583,190248,DFFDVAXA,HCPM-GNIS,0101000000D8367B5608B354C00A7B7F283D5D4240
584,330971,DSVLWIXA,HCPM-GNIS,010100000092BFC5D4A7FB56C0FD5877E228634640
585,330960,ELEVWIXA,HCPM-GNIS,0101000000D0FDE60F17DE56C0980FADBAB3494640
586,330860,IRRVWIXA,HCPM-GNIS,0101000000846F50B120DA56C0696913CC3D484740
587,330860,LAPNWIXA,HCPM-GNIS,0101000000211C583357B256C08963B895B9634740
588,330966,LAFRWIXA,HCPM-GNIS,010100000091251873FCA856C099D29FA28FC94540
589,330860,MAPLWIXA,HCPM-GNIS,0101000000B4F3ECA820EE56C06898350C7A4B4740
590,330860,MRNGWIXA,HCPM-GNIS,01010000004127295547B456C0021E62CD12364740
591,330860,MASNWIXA,HCPM-GNIS,0101000000BCE6559DD5C356C0A36F777BB5374740
592,330960,NRFDWIXA,HCPM-GNIS,0101000000C30E63D25FC656C0849554B7C43A4640
593,330960,PGFLWIXA,HCPM-GNIS,01010000009F58A7CA77CD56C0FCD357A192364640
594,330860,PTWGWIXA,HCPM-GNIS,0101000000C33E4BA1BDD856C0C88D6CF827634740
595,330960,STRMWIXA,HCPM-GNIS,01010000003C612E4E21D956C042C9891B5C464640
596,330860,BNITWIXA,HCPM-GNIS,0101000000DBFAE93FEBC456C0515557F43D404740
597,330860,CNPAWIXA,HCPM-GNIS,010100000063409BC184C656C0FECF06054A6D4740
598,330860,GDVWWIXA,HCPM-GNIS,010100000086DCB17DEDC656C067367E97082F4740
599,330860,NMKNWIXA,HCPM-GNIS,0101000000E208ADE2E8C256C00C6D4AC33A1B4740
600,200277,DYBKWVXA,HCPM-GNIS,0101000000A6F4A7E8A30D54C08AA658DA4ED54340
601,512296,FRNNWYXC,HCPM-GNIS,0101000000949B4DECC6275BC09B3DD00A0C7C4640
602,512296,LVLLWYXC,HCPM-GNIS,01010000002D32F092EE185BC01CF79CAA316B4640
603,512296,MTTSWYXC,HCPM-GNIS,01010000004DD5E2F8C6375BC02659E25C1E144640
604,512296,TNSLWYXC,HCPM-GNIS,010100000022B8DB3FE0DC5AC07C3727405E044640
605,512296,BURLWYXC,HCPM-GNIS,0101000000B4B74A66AB1B5BC05241EA1B3D394640
606,512291,CRWHWYXC,HCPM-GNIS,0101000000ACEC16DC6A4C5BC02F206A91A3A74540
607,512297,SYBNWYXC,HCPM-GNIS,0101000000BBC3DCA4D89E5AC04FA786472C184540
608,512295,ALPIWYXC,HCPM-GNIS,01010000006971C63027C15BC0EB707495EE944540
609,512296,HYVLWYXC,HCPM-GNIS,010100000043041C4295E65AC023CACD26761F4640
610,512296,HMDMWYXC,HCPM-GNIS,0101000000F27D71A94A245BC0BC7F87FDF9E34540
611,100024,GNIS0,GNIS,01010000004A552470359251C0C5E7A969729D4640
612,190226,GNIS1,GNIS,0101000000C7CE801FFA0554C0AD9DCD4F16D84240
613,190226,GNIS2,GNIS,01010000003892BA5370F653C05DF7FB6AB3DE4240
614,190248,GNIS3,GNIS,0101000000F8BC87F0D49B54C0B8A173C8175E4240
615,190248,GNIS4,GNIS,010100000059A725B17FA254C097491E9958654240
616,200259,GNIS5,GNIS,0101000000871B4BB354C253C03D61890794894340
617,200277,GNIS6,GNIS,0101000000C48A64D9DD0654C088145EDD0CD74340
618,210330,GNIS7,GNIS,0101000000FC636BC71E6254C0ADC9AE0F46533C40
619,220378,GNIS8,GNIS,0101000000E0AAA1C3325954C0649698C2DE1A4040
620,220378,GNIS9,GNIS,010100000041A7D6B1005954C06DA2E07371224040
621,220379,GNIS10,GNIS,010100000005F8133AD4F054C0304ED76E16194040
622,220379,GNIS11,GNIS,0101000000BDAC89053EF454C0859675FF58BC3F40
623,220379,GNIS12,GNIS,0101000000B5FAEAAAC0DD54C0325AA20E86453F40
624,220380,GNIS13,GNIS,01010000000921D6D127B354C0CE46F8286D2D4040
625,230497,GNIS14,GNIS,0101000000E90FCD3CB91A54C01D3FAFD3A3E44140
626,230502,GNIS15,GNIS,0101000000817DCFA33DA653C02684B30012854140
627,230502,GNIS16,GNIS,0101000000659016C245B353C00843780F2B4F4140
628,230502,GNIS17,GNIS,010100000022BF23CF9A9C53C03CB4D9A216714140
629,230503,GNIS18,GNIS,01010000009906EA398E3054C025B616C15A444240
630,230510,GNIS19,GNIS,010100000027840EBA044554C01047B2A261064240
631,230510,GNIS20,GNIS,0101000000919E7D407B5154C05B80118F1F284240
632,240516,GNIS21,GNIS,0101000000632AFD84334C54C03A2A920ABE554140
633,240520,GNIS22,GNIS,010100000034547BC75F0D54C01B7D714E91CD4040
634,240550,GNIS23,GNIS,010100000022AAF067789854C033011A00050F4140
635,250295,GNIS24,GNIS,01010000003611ECAEA24455C0E73A8DB454203F40
636,250308,GNIS25,GNIS,01010000006CD674988A9A55C0931B45D61A4B4140
637,250308,GNIS26,GNIS,0101000000CC029255369055C0DD787764AC434140
638,260396,GNIS27,GNIS,0101000000DDA51EB3FD4256C0CDC8C5BD9E864240
639,260396,GNIS28,GNIS,010100000084D6C397893C56C04A6C2D82B5924240
640,260396,GNIS29,GNIS,0101000000461A2664B13D56C01C2ECD08CA784240
641,260396,GNIS30,GNIS,0101000000B03DB324C03856C0B0F3250AE38A4240
642,260401,GNIS31,GNIS,0101000000B8342328A34C55C09F6BA9CD49714240
643,260401,GNIS32,GNIS,0101000000A1EB0C9DE85355C0B76E9406C8724240
644,260418,GNIS33,GNIS,0101000000A7F22CF7B86955C0437D810F14704240
645,260418,GNIS34,GNIS,0101000000E659492B3E7D55C0E8A628F27F914240
646,260418,GNIS35,GNIS,01010000006DB13621887455C08BFF3BA242674240
647,260418,GNIS36,GNIS,010100000095B2B1B7398155C0F97C3958A4694240
648,260418,GNIS37,GNIS,0101000000F03B3C3AE48355C0B5B7A51F1EA74240
649,260418,GNIS38,GNIS,0101000000FA59D18BFF7355C03B4E76D8E98C4240
650,270432,GNIS39,GNIS,01010000005973DB19011D57C055585F1388A53D40
651,270441,GNIS40,GNIS,0101000000BB6E00EC12E956C02F2D8FDA698E3E40
652,270441,GNIS41,GNIS,01010000001BE20E8A9CDC56C02F79F29F246B3E40
653,290573,GNIS42,GNIS,01010000000B6AAE89BB8B55C0F1FE2E2240394240
654,290573,GNIS43,GNIS,0101000000FD080D0EC08355C0E65B1FD61B394240
655,290573,GNIS44,GNIS,01010000009A1F24B0DE7455C0ED10FFB0A5384240
656,290575,GNIS45,GNIS,01010000006211C30EE30D56C0B321A413AED14140
657,290579,GNIS46,GNIS,010100000014C6BBC8297355C0917BBABA63324240
658,290579,GNIS47,GNIS,0101000000BBCDC06D926F55C045DECDAED6354240
659,290579,GNIS48,GNIS,01010000009CF28D8DE57255C05CD71EACB5224240
660,290581,GNIS49,GNIS,01010000008E80C0B9F5AC55C01092054CE0B54140
661,290581,GNIS50,GNIS,0101000000607E5D3CF29B55C05E656D533CCD4140
662,300644,GNIS51,GNIS,01010000005B75C2F0368E54C0E1D5CD2099834440
663,310691,GNIS52,GNIS,0101000000C16CA752D8F154C0581EA4A7C8F14440
664,310721,GNIS53,GNIS,0101000000849F3880FE3D55C00D37E0F3C37C4640
665,320753,GNIS54,GNIS,0101000000B36AC6585CBB55C0FAE9E4B10BC74340
666,320753,GNIS55,GNIS,0101000000408B000231AD55C00122B3695BC94340
667,320753,GNIS56,GNIS,01010000004DFCAC8D0CA955C08CC0B39833BC4340
668,320753,GNIS57,GNIS,0101000000DF1C098F919C55C0859BE7E335C24340
669,320753,GNIS58,GNIS,010100000013C7CBE4E5AA55C0DD32969F0AD84340
670,320753,GNIS59,GNIS,01010000007C1C171FB08155C0E06AF8718F1B4440
671,320759,GNIS60,GNIS,0101000000482EA4680AC755C01833D307DC604340
672,320759,GNIS61,GNIS,0101000000E728F686B1BC55C09135D9F5C1474340
673,320775,GNIS62,GNIS,0101000000ED28CE51477155C0EA90402894EF4340
674,320825,GNIS63,GNIS,010100000057D526A9A73C55C0D12D2A98E79E4340
675,330859,GNIS64,GNIS,01010000008151932A1B8256C0C405459847284640
676,330860,GNIS65,GNIS,01010000000B5D2E8782D056C0E4D9E55B1F2B4740
677,330863,GNIS66,GNIS,01010000001DBE96A13BEA56C0B1D93631C9B64640
678,330866,GNIS67,GNIS,010100000094D684598DEA56C0DBF00577B12B4640
679,330900,GNIS68,GNIS,010100000084C2FB05968A56C014DF9A8587F04540
680,330902,GNIS69,GNIS,01010000004913EF00CF2557C074A14D6958D14640
681,330908,GNIS70,GNIS,01010000003E82D19B406956C00174F3E8A1E94540
682,330908,GNIS71,GNIS,01010000009A18DC20245E56C06A7EA1ECD2DE4540
683,330908,GNIS72,GNIS,01010000000F5542C1D65D56C08B49C9BC9FDB4540
684,330910,GNIS73,GNIS,01010000004EE5FE347F1757C0C79459CEEFBC4640
685,330920,GNIS74,GNIS,0101000000B9F13856F30856C0B0B1A60DE2F04640
686,330920,GNIS75,GNIS,0101000000E70D411F760656C0A1CF91A68BE44640
687,330960,GNIS76,GNIS,01010000005D03B6DECAD056C08B91802C9F3B4640
688,330966,GNIS77,GNIS,010100000060A0B5EC5ACE56C07E0FA848CFC94540
689,330966,GNIS78,GNIS,01010000004969368FC3AA56C07CFABE6EC7C04540
690,330966,GNIS79,GNIS,0101000000932930AE829B56C003BCBB84F9C44540
691,330966,GNIS80,GNIS,0101000000284F0FC0BCCC56C0871AE0DD25B64540
692,330966,GNIS81,GNIS,0101000000D3C2C0CE28BA56C01F717E79B7BE4540
693,330966,GNIS82,GNIS,010100000047FD9A5198B056C0DF13909B86B94540
694,330971,GNIS83,GNIS,01010000000EE3C9C99FF256C01630815B775E4640
695,330971,GNIS84,GNIS,010100000034565172BD0057C01D1C919499584640
696,330971,GNIS85,GNIS,01010000008AAB6F05B90857C0C367469AD36D4640
697,330973,GNIS86,GNIS,0101000000B4B74A66AB4F56C0220B879455644640
698,330974,GNIS87,GNIS,01010000000426CBA4617856C0A8B283A5151C4640
699,340984,GNIS88,GNIS,0101000000759FD277ED8956C0332ABA3F28064440
700,341025,GNIS89,GNIS,010100000033E774B4851356C020651FBF12B94240
701,341047,GNIS90,GNIS,0101000000EB75E679CB9F56C0556419879F354440
702,341047,GNIS91,GNIS,01010000000CACE3F821A456C09B98897D5D3F4440
703,341047,GNIS92,GNIS,0101000000F855140A6CB756C070CD1DFD2F474440
704,341047,GNIS93,GNIS,01010000003752B648DAA656C029B8B30AF6294440
705,341047,GNIS94,GNIS,0101000000438CD7BCAAC456C0FB22A12DE7564440
706,351187,GNIS95,GNIS,0101000000BD51D092EC4B57C06942493778F64440
707,351187,GNIS96,GNIS,010100000014B7651B133A57C0E83BAEFCE8DB4440
708,351187,GNIS97,GNIS,01010000008725D4C29B4657C09B994F0C7FF84440
709,351209,GNIS98,GNIS,0101000000B6CD9E15627557C0A65714C0DEA44440
710,351209,GNIS99,GNIS,0101000000839A6BE22E7657C0AFBC9AF2D79A4440
711,351229,GNIS100,GNIS,0101000000F29FC95933BD56C0C5F53988E7FD4440
712,351230,GNIS101,GNIS,010100000042E8A04BB8D856C0FA19283ADC764540
713,351247,GNIS102,GNIS,01010000009893066D28FF56C0FC0681F0FCBA4440
714,351297,GNIS103,GNIS,0101000000B3FAD97E683757C057410C74EDF74440
715,351297,GNIS104,GNIS,010100000030DFB023443F57C07E1EFEF5650E4540
716,351297,GNIS105,GNIS,010100000003A95EC8B43457C0209672631F1C4540
717,351297,GNIS106,GNIS,01010000006F545D763E4057C06B9BE27151184540
718,351297,GNIS107,GNIS,0101000000B52F455EFB4A57C0C1C6F5EFFA234540
719,351297,GNIS108,GNIS,0101000000D412865C043B57C0DE054A0A2CF14440
720,351297,GNIS109,GNIS,0101000000814A4B9B604657C0D0EFFB372F2E4540
721,351298,GNIS110,GNIS,01010000006EDC627EEEFD56C0D9EE79596EFF4440
722,351298,GNIS111,GNIS,0101000000F5DBD78173E556C0F3D775B9D2EF4440
723,351298,GNIS112,GNIS,01010000004460F6FCFAFA56C0B77BB94F8EF34440
724,351298,GNIS113,GNIS,0101000000A3EFC91EFCF156C076734C71B0F54440
725,351304,GNIS114,GNIS,01010000000EA8925C59EC56C094DA8B683BEC4440
726,351327,GNIS115,GNIS,010100000028E906AF82C157C054D27943D0904540
727,351328,GNIS116,GNIS,0101000000CBD8D0CD7E8C57C00990FC1C7A1C4540
728,351328,GNIS117,GNIS,0101000000CD5E1157298357C0D9A4EC3E11584540
729,351328,GNIS118,GNIS,01010000007F4C6BD3D89957C003626DE756234540
730,351328,GNIS119,GNIS,0101000000877B1B51108157C0001DE6CB0B154540
731,351328,GNIS120,GNIS,0101000000457930734B8157C0724408D9C34B4540
732,351328,GNIS121,GNIS,0101000000DB638E8AA49F57C0B3DEB941FE184540
733,351328,GNIS122,GNIS,0101000000129557F8449F57C00E338F577B2B4540
734,351328,GNIS123,GNIS,0101000000A587A1D5C98657C00B6366FA80164540
735,351328,GNIS124,GNIS,010100000069441FE2559057C095DCBCCC0B154540
736,351328,GNIS125,GNIS,01010000009E9B919CA78057C0F3BC659824374540
737,351328,GNIS126,GNIS,01010000003A9BE9B9E09257C0AFD172A087384540
738,351337,GNIS127,GNIS,0101000000CBD01D69957C57C0164CA19861B14540
739,351337,GNIS128,GNIS,010100000096BB8564B77257C0EF7B8AD2949C4540
740,351337,GNIS129,GNIS,01010000001A790F86704457C0522D7D433CAA4540
741,351337,GNIS130,GNIS,0101000000ECE86E8D3E5857C0ED1D7FB3DEA34540
742,351337,GNIS131,GNIS,0101000000F859C05FA76857C039B9DFA128AB4540
743,351337,GNIS132,GNIS,0101000000A8195245F15F57C0EC4CA1F31ABF4540
744,351337,GNIS133,GNIS,0101000000B3B04C640B5D57C00917F2086EAE4540
745,351337,GNIS134,GNIS,01010000000BCAD9E0696657C039F2406491974540
746,351337,GNIS135,GNIS,0101000000B85109F42E7A57C02F7A5D75D39D4540
747,351337,GNIS136,GNIS,01010000001E882CD2C45A57C09247CBDCD7A14540
748,351337,GNIS137,GNIS,0101000000E26B19BAA34757C069577C9E9AAF4540
749,351337,GNIS138,GNIS,0101000000F0EB76AC886757C0DD781CAB39BC4540
750,351337,GNIS139,GNIS,010100000060AB048B438057C00356B3733FB74540
751,351405,GNIS140,GNIS,01010000009FB0C403CA1B58C05D75D31C0FBA4540
752,351424,GNIS141,GNIS,0101000000899F5AD82EF156C0DFD5BCF440BE4540
753,351424,GNIS142,GNIS,0101000000F887D283A7F756C090DAC4C9FDC04540
754,361358,GNIS143,GNIS,0101000000FD5536629C8A57C0AD872F1345E24540
755,361358,GNIS144,GNIS,0101000000B6FDE19D328F57C076C6F7C5A5DD4540
756,361358,GNIS145,GNIS,01010000001FD1A9D0658E57C07C79A63C5FD34540
757,361358,GNIS146,GNIS,01010000004C361E6C318857C0722A638DC4BA4540
758,361384,GNIS147,GNIS,01010000002B9BDE6A428157C018C8581245E24540
759,361384,GNIS148,GNIS,0101000000634D1BC43D7557C03D31467FC3EB4540
760,361391,GNIS149,GNIS,0101000000B3CD3230971058C04A91216C1D7D4740
761,361440,GNIS150,GNIS,0101000000C91A9A571A6457C0DF8CF56805E24540
762,361440,GNIS151,GNIS,01010000003D5464BE4D7B57C02F9B4A500DCB4540
763,361451,GNIS152,GNIS,0101000000F201261532C857C0988D29B39CDD4740
764,361451,GNIS153,GNIS,0101000000AFB6BD38CCBC57C0C9271A5A53364840
765,361483,GNIS154,GNIS,0101000000B21EAD203C2E57C069C93E236C404640
766,361483,GNIS155,GNIS,0101000000AEF199EC9F9F57C0BE83447F0D134640
767,361483,GNIS156,GNIS,0101000000A9273D1DD9B557C00BCFF00B542D4640
768,371531,GNIS157,GNIS,0101000000B914FCDB0A4B58C044A10A24CD7C4440
769,371537,GNIS158,GNIS,0101000000E3D3ADE820BE59C07BD404F63DA94440
770,371557,GNIS159,GNIS,0101000000185DDE1CAE1159C051B8C3CB78064440
771,371562,GNIS160,GNIS,0101000000F4BCC051972159C02FB8301C198A4440
772,371576,GNIS161,GNIS,01010000007A7C314A062F58C053358B61983A4540
773,371576,GNIS162,GNIS,01010000003FFF3D786DA558C0788B76CBC46B4540
774,371577,GNIS163,GNIS,0101000000A5AD0095608458C0585F13888DBC4440
775,371577,GNIS164,GNIS,0101000000467C27663D8F58C026570CB2C0CF4440
776,381447,GNIS165,GNIS,01010000000B1060EC18D458C0AB611AE148F84740
777,381509,GNIS166,GNIS,0101000000BF886CD64F3358C040ACEDDC6A494740
778,381604,GNIS167,GNIS,0101000000346EC559EC1259C0B207A40E3C0B4740
779,381604,GNIS168,GNIS,0101000000C9DEF71425CD58C0EAC1EE8513264740
780,381611,GNIS169,GNIS,010100000089CF9D60FF7D58C00A95C9BAC9564740
781,381630,GNIS170,GNIS,010100000037D19D16726D58C00FBF51E1BE004840
782,381630,GNIS171,GNIS,0101000000ECF593D6046D58C0B22D03CE52174840
783,381632,GNIS172,GNIS,010100000016FA60199B5A59C0919BE1067CD34740
784,381632,GNIS173,GNIS,010100000099A8948DBDA859C0A41AF67B622A4840
785,381632,GNIS174,GNIS,0101000000CF37FD34497E59C0201043064D5D4840
786,381637,GNIS175,GNIS,0101000000A2CE818A4F3C59C0D04543C6A3304740
787,391642,GNIS176,GNIS,01010000008B260637882D58C0740415FA05DA4540
788,391652,GNIS177,GNIS,01010000001783E222D23058C0B3075A8121AA4540
789,391652,GNIS178,GNIS,010100000055B88A6A365158C0DDE22BCB219A4540
790,391652,GNIS179,GNIS,0101000000AECCA502B83F58C0FA1FAA3AF5A04540
791,391652,GNIS180,GNIS,01010000003EC51627E33958C0C26856B60F7A4540
792,391652,GNIS181,GNIS,01010000006874ACF7C02F58C08C3F9B66CB7D4540
793,391659,GNIS182,GNIS,0101000000A7A498CD2D7259C0F6E571BD12874640
794,391659,GNIS183,GNIS,0101000000A34E8AA0FB7959C09071207FC4FB4540
795,391659,GNIS184,GNIS,0101000000CC5D4BC807D459C03309CD64EEBE4540
796,391669,GNIS185,GNIS,0101000000F90FE9B72F5758C01796E425A4FF4540
797,391670,GNIS186,GNIS,01010000009ECD4F16638A58C0BD81131B3DA24540
798,391670,GNIS187,GNIS,01010000000F60915FBFA558C0CB48BDA772C34540
799,391677,GNIS188,GNIS,0101000000E54DD944C14B58C0882AA1606BD94540
800,391680,GNIS189,GNIS,0101000000F9FEBC5FBBF158C0653F41182E9F4640
801,391680,GNIS190,GNIS,01010000009EE117A8D6DD58C0BAD0A634AC984640
802,391680,GNIS191,GNIS,010100000037BBFFD9A0A058C0B1AC8FE2775E4640
803,391680,GNIS192,GNIS,010100000057C7968A327558C02EF30CD06CBF4640
804,391680,GNIS193,GNIS,0101000000FBCE2F4AD02E58C03F2D509CEDEE4640
805,391680,GNIS194,GNIS,0101000000619C09971F0259C03F7A79F0C94E4640
806,391686,GNIS195,GNIS,0101000000BB74DDA51E6658C03B91BB630C854540
807,391686,GNIS196,GNIS,010100000096534CEFAC7558C0F1CC15EF11984540
808,391688,GNIS197,GNIS,0101000000F0D874A9B6C558C02FCD63833B734640
809,401712,GNIS198,GNIS,0101000000D72835C52D0E57C0E3D011AFA1FC4140
810,401712,GNIS199,GNIS,0101000000334EE89A6E0D57C0D4C21B881BE24140
811,401712,GNIS200,GNIS,0101000000870A1F5BE00557C082678C20DFF64140
812,401718,GNIS201,GNIS,01010000002C843012B5A057C0F402475DC6044240
813,401718,GNIS202,GNIS,010100000001BAD4ADC38F57C0C0F8B369B6024240
814,401718,GNIS203,GNIS,01010000008DB7955E1B9757C09B8F6B43C5E54140
815,401729,GNIS204,GNIS,0101000000768478C9A48A57C055617D4D20E74040
816,411746,GNIS205,GNIS,01010000002EA63E35832D58C016C3D50110F24340
817,411746,GNIS206,GNIS,010100000036BC0FF6DC1A58C0FBD97EE838EE4340
818,411761,GNIS207,GNIS,0101000000D92CF246C19B58C0106ED7F099C14340
819,411777,GNIS208,GNIS,01010000000458E4D78FCB58C0FCB1FFF0A9534340
820,411777,GNIS209,GNIS,010100000066F09CD266C358C0D1C3753172444340
821,411777,GNIS210,GNIS,0101000000EFA595E766CB58C00ECCC0B79F3C4340
822,411780,GNIS211,GNIS,01010000000CE2A8810B9B58C0AECB3A2D89B84240
823,411782,GNIS212,GNIS,0101000000511212699B7058C0A724462AE7554340
824,411785,GNIS213,GNIS,010100000031E829174F5358C088B02B77B0ED4340
825,411785,GNIS214,GNIS,0101000000AAE91FE9F8ED57C0DA6E27B627CD4340
826,411785,GNIS215,GNIS,010100000044858F2D706258C05C01857AFAF44340
827,411785,GNIS216,GNIS,01010000008EFDD1DCAF6258C08591031B7CDB4340
828,411785,GNIS217,GNIS,0101000000F7F4C76AA9FB57C05CA56032FAD44340
829,411788,GNIS218,GNIS,010100000039752F41576058C09A50D20D5E964240
830,411788,GNIS219,GNIS,0101000000E215D22BAF8B58C09F3D97A949804240
831,411801,GNIS220,GNIS,01010000006EE987C7B40158C07284B12A670E4340
832,411818,GNIS221,GNIS,010100000034D93F4F83AC57C0828BBA7B25084340
833,411818,GNIS222,GNIS,0101000000EF3B86C77EAC57C0142E9A84C1F74240
834,411818,GNIS223,GNIS,0101000000E182C712B1C457C07EB8F5E4ABF24240
835,411818,GNIS224,GNIS,010100000079E8BB5B59B957C0BA56314BF1F54240
836,411818,GNIS225,GNIS,0101000000FECA9420EDA757C0E3F093B42CD24240
837,411818,GNIS226,GNIS,01010000003FBD63C2F9B457C0F59782DA14CF4240
838,411818,GNIS227,GNIS,01010000009FF3098F6CA857C027E77A91BFC14240
839,411818,GNIS228,GNIS,0101000000177A692F47BD57C0BDA0CF91A6C74240
840,411818,GNIS229,GNIS,01010000005475EA25A1CE57C0395FECBDF8B74240
841,411818,GNIS230,GNIS,010100000013094BE166B157C0E2FB2CE0AFA74240
842,411818,GNIS231,GNIS,010100000038A7EDBA12BB57C0BC1A457B61A44240
843,411818,GNIS232,GNIS,0101000000EB07D04AB5A857C0DB148F8B6A9C4240
844,411818,GNIS233,GNIS,01010000002C67EF8CB6BF57C0E7E7E15F5F964240
845,411818,GNIS234,GNIS,0101000000E9769BDC14AD57C0701008CFDF954240
846,411820,GNIS235,GNIS,01010000001ED48F97FFCF57C0CD678A4A34E24340
847,411820,GNIS236,GNIS,01010000002F9743415FE057C0BBBDFFEACCDC4340
848,411820,GNIS237,GNIS,0101000000F998B44E81D657C0927A4FE5B4D14340
849,411820,GNIS238,GNIS,0101000000E297553346DA57C05B15979988E84340
850,411826,GNIS239,GNIS,010100000098A59D9A4BDB58C0D2AD32AE13FF4340
851,411826,GNIS240,GNIS,0101000000CBB3DCE3967458C0CBB1063939F64340
852,411826,GNIS241,GNIS,01010000003BFA04F552A058C00F6C4BD356CC4340
853,411826,GNIS242,GNIS,010100000049145AD67DE758C0C0EB33677DB24340
854,411826,GNIS243,GNIS,0101000000E99898D30ADC58C0F9365893029E4340
855,411827,GNIS244,GNIS,0101000000FEE77AEC784C59C0F0181EFB59B14340
856,411831,GNIS245,GNIS,01010000001CDFCD09109F58C080B09D3935824240
857,411833,GNIS246,GNIS,0101000000DE431DB1F13058C030D1C54BDCB74240
858,411833,GNIS247,GNIS,0101000000038E4EA7862A58C02E443D3377A84240
859,411833,GNIS248,GNIS,0101000000AD399BE9B92D58C03556AC2BB0964240
860,411839,GNIS249,GNIS,0101000000A869BC195A3D58C0072D7F19E7654340
861,411839,GNIS250,GNIS,0101000000C7F0D8CFE25158C073E7D37487614340
862,411839,GNIS251,GNIS,0101000000438D4292D93D58C0CF83BBB376484340
863,411839,GNIS252,GNIS,01010000006EB02605CC4958C0122CB3AD0B464340
864,411840,GNIS253,GNIS,01010000009E060C92BE6158C0D2D4FC42D9B94340
865,411840,GNIS254,GNIS,0101000000CA856F06A43058C03F17B25F1CB74340
866,411840,GNIS255,GNIS,01010000004DFD1763BB8058C0668C6A6C0A774340
867,421759,GNIS256,GNIS,01010000005D401EB0E1A557C01304D9FC09184340
868,421759,GNIS257,GNIS,01010000000139BC7B5BA757C0BEF49B2E30C74240
869,421759,GNIS258,GNIS,010100000005F060D5EAA557C0A79C8AAFD1D14240
870,421874,GNIS259,GNIS,0101000000DCF86E4E80B956C06412E456F7A84240
871,421874,GNIS260,GNIS,010100000058699C97D4C756C0BC85BF70F8A74240
872,421882,GNIS261,GNIS,01010000004D599764AED556C09D03159F4C564340
873,421882,GNIS262,GNIS,0101000000CA181F66AFD456C0FAD005F52D214340
874,421882,GNIS263,GNIS,0101000000CACD267623CB56C03CA583F57F414340
875,421882,GNIS264,GNIS,0101000000DBCCD71B6BD056C0481630815B294340
876,421882,GNIS265,GNIS,0101000000D7BE805EB8C456C0B997EAB8D0224340
877,421887,GNIS266,GNIS,01010000003634AF343A9457C0AD6E5056677F4240
878,421901,GNIS267,GNIS,0101000000ADEB06C0AE0157C0ED24C74219834340
879,421901,GNIS268,GNIS,0101000000EBDE2F0B92DE56C0714FFCBDB9664340
880,421914,GNIS269,GNIS,0101000000B5FF01D62A0D57C03244A918421F4440
881,421914,GNIS270,GNIS,0101000000BD5873DB191857C0DA5548F949204440
882,421914,GNIS271,GNIS,010100000077B7578B74F856C0E748788C3CFC4340
883,421929,GNIS272,GNIS,01010000000F266A0E35C557C086F6FB0FFA244440
884,421931,GNIS273,GNIS,0101000000BEB387075E1057C0A5D7666325484440
885,421931,GNIS274,GNIS,0101000000DF7A03826F4557C07A62E7B7F92D4440
886,421931,GNIS275,GNIS,01010000005E15037FD33957C03F694D98D5054440
887,431788,GNIS276,GNIS,010100000076F39E14F7A458C0887A66EEC6724240
888,431788,GNIS277,GNIS,01010000003624496B678258C06CC37295387F4240
889,431976,GNIS278,GNIS,01010000003BD56BC4DDA658C032CDCF68069C4140
890,431979,GNIS279,GNIS,0101000000BB80F2D2282058C0152EF53D34ED4040
891,431979,GNIS280,GNIS,01010000004EBC5EF55B1358C0D014F02197F64040
892,431988,GNIS281,GNIS,0101000000E9BBB61215D358C0498E2A792B134240
893,432006,GNIS282,GNIS,01010000001478279F9E4D58C0E26190AADCA84140
894,432006,GNIS283,GNIS,0101000000B03E79B3E14258C0801CDEBDEDB14140
895,432014,GNIS284,GNIS,01010000001EE3E54416D457C0AD3A6178DB5A4140
896,432018,GNIS285,GNIS,0101000000F9A067B36A9758C0A919ADFE63724140
897,432018,GNIS286,GNIS,010100000092617028D7C458C0E6797077D61E4140
898,432018,GNIS287,GNIS,010100000078978BF8CEAB58C07C9285F93C1D4140
899,432018,GNIS288,GNIS,0101000000CD9F257E7BD558C0B96C74CE4F234240
900,442039,GNIS289,GNIS,010100000047B0CCB6AEE559C035689E12C67B3E40
901,442059,GNIS290,GNIS,0101000000F568AA27F33658C0CE273CB203CA3D40
902,442059,GNIS291,GNIS,0101000000D56993799A4058C0DE6575615AAE3D40
903,442061,GNIS292,GNIS,010100000084239232F39B58C008F6A974C1C94040
904,442071,GNIS293,GNIS,0101000000CC3857DE1FA759C00C4BF21252324140
905,442090,GNIS294,GNIS,01010000006EEBB82B05DC58C06BAEE474A3C13B40
906,442103,GNIS295,GNIS,0101000000E95A20E6B72258C0372D1D18E5D63C40
907,442112,GNIS296,GNIS,010100000033C92313CB6459C0D1E000440B304140
908,442112,GNIS297,GNIS,010100000078AC63A67E5359C098E19A96B33C4140
909,442116,GNIS298,GNIS,010100000049580A37CF4258C013EA8E6A7DBD4040
910,442116,GNIS299,GNIS,010100000061545227205458C058E8DE1EDFCF4040
911,442141,GNIS300,GNIS,01010000005A338D81D0DA58C02F6013E3462C4140
912,442141,GNIS301,GNIS,0101000000FE1F71D9329458C0185B0872500C4140
913,442166,GNIS302,GNIS,0101000000D455CBE726BD59C00D068D4FB7394140
914,442168,GNIS303,GNIS,0101000000B2BAD573D26D59C0F66E3D5464434040
915,442170,GNIS304,GNIS,010100000044F174F8357B59C0855E7F129F354240
916,452200,GNIS305,GNIS,01010000005E68AED3C8A75CC031E5E896C2854140
917,452200,GNIS306,GNIS,01010000001F6393A1CFA55CC03C670B08AD784140
918,462193,GNIS307,GNIS,01010000006D18AA0771265BC0F887D283271D4340
919,462199,GNIS308,GNIS,0101000000D8A1F54B9FB759C080666BD84AA64340
920,462199,GNIS309,GNIS,010100000093DB9B8477B659C01B88C0ECF9D44340
921,462199,GNIS310,GNIS,0101000000D124B1A4DCA559C0762DC66581CE4340
922,462209,GNIS311,GNIS,010100000090B1248ADADF59C095922FB2AE6E4440
923,472222,GNIS312,GNIS,0101000000104DEA1560EB5BC00229B16B7BF14540
924,472233,GNIS313,GNIS,0101000000B885F8D1BA915CC0228F3B003DB04640
925,472295,GNIS314,GNIS,0101000000CB660E49ADD75BC06EA708CB33F04540
926,472295,GNIS315,GNIS,0101000000CBCAE5F516C75BC0BC87951B56D24540
927,472423,GNIS316,GNIS,0101000000C76471FF91425DC05045E0FE12444740
928,482246,GNIS317,GNIS,0101000000487BCDBC66215AC020990E9D9EA54740
929,482247,GNIS318,GNIS,0101000000E79205A719A25AC008FA55CA7C334840
930,482247,GNIS319,GNIS,0101000000088728707C225AC0FBDAE9BDE7354840
931,482248,GNIS320,GNIS,0101000000C72AA5677AFD5BC0A69DF584807F4840
932,482248,GNIS321,GNIS,0101000000CFDA6D179AF15BC0FCDE4B8688604840
933,482250,GNIS322,GNIS,0101000000AAA91BDEE2F65AC010EE2994E0024740
934,482251,GNIS323,GNIS,01010000005247C7D548645AC012E797778B854640
935,482257,GNIS324,GNIS,01010000006BC6585CD2115BC0E371512D22524840
936,492066,GNIS325,GNIS,01010000000B3D073B6A465AC0249D819197064040
937,492262,GNIS326,GNIS,0101000000112E2E9F76CB59C08103FF00104C4140
938,502277,GNIS327,GNIS,01010000009F8EC70CD4C05BC0F792C6681DED4340
939,502288,GNIS328,GNIS,0101000000E4C924D9D9CF5BC0310FF4AB943C4440
940,502288,GNIS329,GNIS,0101000000EB6C6D8640DA5BC0C5909C4CDC4D4440
941,512296,GNIS330,GNIS,0101000000A0E63FFF98035BC027D87F9D9B3E4640
942,512297,GNIS331,GNIS,0101000000136EE81C729A5BC04A6C2D82B5974440
943,522427,GNIS332,GNIS,0101000000BDE3141D49815EC00533A6608D074740
944,522431,GNIS333,GNIS,0101000000AE4C535F718E5EC0A3C5BE092A7E4740
945,522446,GNIS334,GNIS,01010000006D36FBA8ABB75EC0CB2A114D45664740
946,532371,GNIS335,GNIS,01010000000CBBDEEC45F45EC0A3B1F677B6D34540
947,532393,GNIS336,GNIS,01010000002CE400B0F0E65EC0E73F5A52A4534640
948,532393,GNIS337,GNIS,0101000000291609B7C6FB5EC014483FD0C0324640
949,542321,GNIS338,GNIS,0101000000A3D92BE2AAA25EC05EFD33DEB1404440
950,542321,GNIS339,GNIS,010100000027CC6A7011B15EC0F847293284684440
951,542322,GNIS340,GNIS,0101000000FF85D4A3DF025EC0352FE296EAC04240
952,542332,GNIS341,GNIS,01010000009253E009E2C75DC09059AC9795734240
953,542332,GNIS342,GNIS,01010000001EAA84822DE25DC0E260CA1BBBA24240
954,552284,GNIS343,GNIS,0101000000116C01463C835CC0A972350DE5D54340
955,552284,GNIS344,GNIS,0101000000CBBFF11021835CC05865F04119004440
956,552284,GNIS345,GNIS,010100000057CF49EF1BB05CC03F30ECD56CB64440
957,553304,GNIS346,GNIS,0101000000B3F5C253FE325DC0E0B31AB73D9F4440
958,553304,GNIS347,GNIS,01010000009E279EB3057D5DC0D23B702942A34440
959,613002,GNIS348,GNIS,0101000000A23A6755551563C0F40478C116A45040
960,613004,GNIS349,GNIS,0101000000D9D946F28BC363C08FC2F5285CEF4E40
961,613006,GNIS350,GNIS,010100000083B57B039DF861C0C53DF1F7E6754F40
962,613015,GNIS351,GNIS,0101000000AF59D361EA6E62C0EE9980BADC964F40
963,613016,GNIS352,GNIS,01010000005839B4C8761E65C03FC6DCB584705040
964,613017,GNIS353,GNIS,0101000000F4F285DA40D361C0E70AA5E5F6A74F40
965,613017,GNIS354,GNIS,0101000000CF02A3814EC161C088331A5476084F40
966,613017,GNIS355,GNIS,0101000000870F3686CA4060C00B20216F5EF54B40
967,613023,GNIS356,GNIS,0101000000EB3FC637AF6C62C0BEAE152301975040
968,623021,GNIS357,GNIS,010100000066660BAD33A263C033480BE1E22A3540
969,623021,GNIS358,GNIS,0101000000B59EC662007563C0754419051C053440
970,663800,GNIS359,GNIS,01010000006EF5413B4C1B6240B26BD67498FA2A40
971,673900,GNIS360,GNIS,01010000009BBD7D67455365C0B5430DF0EE8E2CC0
972,673900,GNIS361,GNIS,01010000005FD78A91803565C0EE2C301AE8542CC0
973,673900,GNIS362,GNIS,0101000000F85E3244445865C0B81E85EB51982CC0
974,673900,GNIS363,GNIS,010100000008A1CDBBBB3365C0B7D507ED30552CC0
975,673900,GNIS364,GNIS,0101000000D8B56224E05565C07ACB3049C0972CC0
976,673900,GNIS365,GNIS,0101000000367BFBCE8A5A65C0295C8FC2F5A82CC0
977,673900,GNIS366,GNIS,0101000000BA545BA0D35465C06E6292DB40872CC0
978,673900,GNIS367,GNIS,0101000000C3F5285C8F2E65C0F4966192806F2CC0
979,170277,CENT0,Centroid,0101000000FC4F6022320654C080F55681D7DC4340
980,220351,CENT1,Centroid,010100000098AA1F176D5D54C000BF379E48F33E40
981,230502,CENT2,Centroid,0101000000143D35FDB08B53C0781853B567784140
982,230502,CENT3,Centroid,010100000064233B613BB253C0A8F6AC0017564140
983,230502,CENT4,Centroid,0101000000BCA0F8E8BAAA53C01889E6E0304E4140
984,230502,CENT5,Centroid,0101000000D4F7492C299253C0B0E65A1661924140
985,280454,CENT6,Centroid,01010000007CEA5D38524656C0B0ECD99EC0393E40
986,310721,CENT7,Centroid,0101000000C05CFBE4F8D354C06087A89583F34540
987,330860,CENT8,Centroid,0101000000ECD1DE6AD9E056C03012FCF09E2D4740
988,330863,CENT9,Centroid,0101000000909862CF73D956C0B861C0044DA04640
989,330954,CENT10,Centroid,0101000000805C1B48590C56C03869B1D6C1124640
990,351405,CENT12,Centroid,010100000094D9D9C82E2058C0308CFF54C1BF4540
991,351405,CENT13,Centroid,0101000000B0BAA9D6821158C0E0D0B13DC2BE4540
992,361337,CENT14,Centroid,01010000009C4A64B4067B57C008CE5F9C46C14540
993,361395,CENT15,Centroid,01010000002CAE99C533FC57C0E0F64FB8BE034840
994,361495,CENT18,Centroid,0101000000F02271ECAC3458C060FA24119FC44640
995,361654,CENT19,Centroid,0101000000A47A902C491D58C088929F913C554640
996,371577,CENT20,Centroid,0101000000E8AFCB192E7C59C06809379246FA4340
997,371577,CENT21,Centroid,0101000000C053DEDF7B1959C0C0685E0280FC4340
998,381611,CENT22,Centroid,010100000024A3BC2E6EC958C030A0D66563034740
999,381637,CENT23,Centroid,010100000014C69A43D42859C0C0C8102C6CFD4640
1000,382247,CENT24,Centroid,0101000000644571F5CDFE59C0804E32D538704840
1001,411788,CENT25,Centroid,010100000068BB2CF31B7F58C0C8540381F5824240
1002,411818,CENT26,Centroid,0101000000EC7607A36CA757C050938D9ED5094340
1003,411840,CENT27,Centroid,010100000024C71577FE5058C0D08418D96ADE4340
1004,421874,CENT28,Centroid,0101000000786B2A454DB556C0C85B27FF33964240
1005,431788,CENT29,Centroid,01010000005CEFDCF6EF8A58C018D8D40C267C4240
1006,431788,CENT30,Centroid,0101000000A0671943647458C0209C24A61E7D4240
1007,431788,CENT31,Centroid,010100000044EE7048B5AD58C0E849C51E357D4240
1008,431788,CENT32,Centroid,01010000009002C2762D5B58C03838A2ECB27C4240
1009,442061,CENT88,Centroid,0101000000EC9C5912BD9858C0C88ABFFB38DA4040
1010,442071,CENT89,Centroid,0101000000308A68C312B859C0B8213B7BD91E4140
1011,442141,CENT90,Centroid,0101000000FC82EE7D08CD58C09899968873E24040
1012,442262,CENT91,Centroid,01010000002484088E8DC059C0E8BAA5CF9F6B4140
1013,452191,CENT92,Centroid,01010000005461F4B106345CC080C6BBFFF0DA4040
1014,452200,CENT93,Centroid,010100000098554E75B3A55CC0B8B2013ED37C4140
1015,452200,CENT94,Centroid,010100000020D4BC8FBAA35CC0D884937B17794140
1016,452200,CENT95,Centroid,01010000003CDD520892A45CC0A8BDDA9C3A774140
1017,452200,CENT96,Centroid,01010000006C425217B3A55CC038181A7ED5754140
1018,452200,CENT97,Centroid,01010000006016E81BEFA75CC0680E6E7BD5754140
1019,452200,CENT98,Centroid,0101000000C8A058DC05A35CC0785208FDD4754140
1020,453334,CENT99,Centroid,0101000000688F511FBC255CC0E8170A8E005F4140
1021,472221,CENT100,Centroid,01010000001886D6B03E3B5DC0F00831CD10F24540
1022,492066,CENT101,Centroid,01010000005C31210F60225AC0D0219551DC064040
1023,492262,CENT102,Centroid,0101000000D40C4883F6C659C050CA2ECE89284140
1024,502284,CENT103,Centroid,0101000000A003A4CF4A825CC0C0165D825B574440
1025,502284,CENT104,Centroid,0101000000589A0CC047C55BC098B7DE277F8F4240
1026,512290,CENT105,Centroid,01010000007CA3CA3A4CC25BC0E8E79E40BB874440
1027,522417,CENT106,Centroid,0101000000D89C0C3B71945EC08050B000AC014840
1028,532371,CENT107,Centroid,0101000000202C6DEED8695EC0A8D748DC86AA4640
1029,532392,CENT108,Centroid,0101000000E871A820C77D5DC008BDC69CD84E4640
1030,532392,CENT109,Centroid,0101000000E843E01DDD2C5DC0D8C05FB71FA04640
1031,532392,CENT110,Centroid,01010000006C292229D7625EC06092E1B38C3D4640
1032,532392,CENT111,Centroid,01010000009C314EDB196F5EC098CD9EA7CA2B4640
1033,552284,CENT112,Centroid,0101000000505E33F847875CC04076BD25995D4340
1034,552351,CENT113,Centroid,010100000014A92B36A3BA5CC0E8AAE97137724240
1035,552351,CENT114,Centroid,01010000004C55846863865CC00835F2914A6F4240
1036,552356,CENT115,Centroid,0101000000D45742983B6E5CC0A8EECDC867794240
1037,613002,CENT116,Centroid,01010000005F523666FED462C0340DF9CCF4B35040
1038,613015,CENT117,Centroid,010100000088DEF7FF57D962C0106BA54144CD4F40
1039,613019,CENT118,Centroid,010100000006970392482164C010B3FBEF31B45040
1040,613019,CENT119,Centroid,0101000000ADD4A2EE0BCB63C030420A4F15CA5040
1041,613025,CENT121,Centroid,01010000003B7738503B7863C04CD13E3DA0195040
1042,623021,CENT122,Centroid,01010000003C8AFE0CADEA63C0608EB2AC99223640
1043,623021,CENT123,Centroid,010100000089FA7F61FBF663C0806F5154BB0A3640
1044,623021,CENT124,Centroid,0101000000F8C0F687D18863C040227D77ACA43440
1045,623021,CENT125,Centroid,01010000003C2FF55A04C463C070F656222A643540
1046,673900,CENT126,Centroid,0101000000C1192B0AB65165C0E0703ACF50912CC0
